주차장관리번호,주차장명,주차장구분,주차장유형,소재지도로명주소,소재지지번주소,주차구획수,급지구분,부제시행구분,운영요일,평일운영시작시각,평일운영종료시각,토요일운영시작시각,토요일운영종료시각,공휴일운영시작시각,공휴일운영종료시각,요금정보,주차기본시간,주차기본요금,추가단위시간,추가단위요금,1일주차권요금적용시간,1일주차권요금,월정기권요금,결제방법,특기사항,관리기관명,전화번호,위도,경도,데이터기준일자
405-2-000282,애월읍 무료 주차장,공영,노외,제주특별자치도 제주시 애월읍하귀1리 118-0,제주특별자치도 제주시 애월읍하귀1리 118-1,15,2,미시행,평일+토요일+공휴일,24:00:00,24:00:00,24:00:00,24:00:00,24:00:00,24:00:00,무료,0,0,0,0,,,,,,차량관리과,,,,2017-07-31
405-2-000281,애월읍 무료 주차장,공영,노외,제주특별자치도 제주시 애월읍하귀1리 123-9,제주특별자치도 제주시 애월읍하귀1리 123-10,17,2,미시행,평일+토요일+공휴일,24:00:00,24:00:00,24:00:00,24:00:00,24:00:00,24:00:00,무료,0,0,0,0,,,,,,차량관리과,,,,2017-07-31
405-2-000280,애월읍 무료 주차장,공영,노외,제주특별자치도 제주시 애월읍하귀1리 144-0,제주특별자치도 제주시 애월읍하귀1리 144-1,17,2,미시행,평일+토요일+공휴일,24:00:00,24:00:00,24:00:00,24:00:00,24:00:00,24:00:00,무료,0,0,0,0,,,,,,차량관리과,,,,2017-07-31
405-2-000279,애월읍 무료 주차장,공영,노외,제주특별자치도 제주시 애월읍하귀1리 146-0,제주특별자치도 제주시 애월읍하귀1리 146-1,18,2,미시행,평일+토요일+공휴일,24:00:00,24:00:00,24:00:00,24:00:00,24:00:00,24:00:00,무료,0,0,0,0,,,,,,차량관리과,,,,2017-07-31
405-2-000278,애월읍 무료 주차장,공영,노외,제주특별자치도 제주시 애월읍하귀1리 149-3,제주특별자치도 제주시 애월읍하귀1리 149-3,6,2,미시행,평일+토요일+공휴일,24:00:00,24:00:00,24:00:00,24:00:00,24:00:00,24:00:00,무료,0,0,0,0,,,,,,차량관리과,,,,2017-07-31
405-2-000277,애월읍 무료 주차장,공영,노외,제주특별자치도 제주시 애월읍하귀1리 149-5,제주특별자치도 제주시 애월읍하귀1리 149-5,6,2,미시행,평일+토요일+공휴일,24:00:00,24:00:00,24:00:00,24:00:00,24:00:00,24:00:00,무료,0,0,0,0,,,,,,차량관리과,,,,2017-07-31
405-2-000276,애월읍 무료 주차장,공영,노외,제주특별자치도 제주시 애월읍고내리 461-0,제주특별자치도 제주시 애월읍고내리 461-1,13,2,미시행,평일+토요일+공휴일,24:00:00,24:00:00,24:00:00,24:00:00,24:00:00,24:00:00,무료,0,0,0,0,,,,,,차량관리과,,,,2017-07-31
405-2-000275,한림읍 무료 주차장,공영,노외,제주특별자치도 제주시 한림읍한림리 905-34,제주특별자치도 제주시 한림읍한림리 905-35,9,2,미시행,평일+토요일+공휴일,24:00:00,24:00:00,24:00:00,24:00:00,24:00:00,24:00:00,무료,0,0,0,0,,,,,,차량관리과,,,,2017-07-31
405-2-000274,조천읍 무료 주차장,공영,노외,제주특별자치도 제주시 조천읍교래리 산137-23,제주특별자치도 제주시 조천읍교래리 산137-24,65,2,미시행,평일+토요일+공휴일,24:00:00,24:00:00,24:00:00,24:00:00,24:00:00,24:00:00,무료,0,0,0,0,,,,,,차량관리과,,,,2017-07-31
405-2-000273,한림읍 무료 주차장,공영,노외,제주특별자치도 제주시 한림읍대림리 1717-1,제주특별자치도 제주시 한림읍대림리 1717-2,144,2,미시행,평일+토요일+공휴일,24:00:00,24:00:00,24:00:00,24:00:00,24:00:00,24:00:00,무료,0,0,0,0,,,,,,차량관리과,,,,2017-07-31
405-2-000272,한경면 무료 주차장,공영,노외,제주특별자치도 제주시 한경면저리지 2114-62,제주특별자치도 제주시 한경면저리지 2114-63,60,2,미시행,평일+토요일+공휴일,24:00:00,24:00:00,24:00:00,24:00:00,24:00:00,24:00:00,무료,0,0,0,0,,,,,,차량관리과,,,,2017-07-31
405-2-000271,조천읍 무료 주차장,공영,노외,제주특별자치도 제주시 조천읍함덕리 972-6,제주특별자치도 제주시 조천읍함덕리 972-7,12,2,미시행,평일+토요일+공휴일,24:00:00,24:00:00,24:00:00,24:00:00,24:00:00,24:00:00,무료,0,0,0,0,,,,,,차량관리과,,,,2017-07-31
405-2-000270,조천읍 무료 주차장,공영,노외,제주특별자치도 제주시 조천읍조천리 1156,제주특별자치도 제주시 조천읍조천리 1157 외,41,2,미시행,평일+토요일+공휴일,24:00:00,24:00:00,24:00:00,24:00:00,24:00:00,24:00:00,무료,0,0,0,0,,,,,,차량관리과,,,,2017-07-31
405-2-000269,우도면 무료 주차장,공영,노외,제주특별자치도 제주시 우도면연평리 1456,제주특별자치도 제주시 우도면연평리 1457,13,2,미시행,평일+토요일+공휴일,24:00:00,24:00:00,24:00:00,24:00:00,24:00:00,24:00:00,무료,0,0,0,0,,,,,,차량관리과,,,,2017-07-31
405-2-000268,한경면 무료 주차장,공영,노외,제주특별자치도 제주시 한경면신창리 232-1,제주특별자치도 제주시 한경면신창리 232-2,20,2,미시행,평일+토요일+공휴일,24:00:00,24:00:00,24:00:00,24:00:00,24:00:00,24:00:00,무료,0,0,0,0,,,,,,차량관리과,,,,2017-07-31
405-2-000267,추자면 무료 주차장,공영,노외,제주특별자치도 제주시 추자면신양리 434-9,제주특별자치도 제주시 추자면신양리 434-10,30,2,미시행,평일+토요일+공휴일,24:00:00,24:00:00,24:00:00,24:00:00,24:00:00,24:00:00,무료,0,0,0,0,,,,,,차량관리과,,,,2017-07-31
405-2-000266,추자면 무료 주차장,공영,노외,제주특별자치도 제주시 추자면대서리 4-21,"제주특별자치도 제주시 추자면대서리 4-21,39",23,2,미시행,평일+토요일+공휴일,24:00:00,24:00:00,24:00:00,24:00:00,24:00:00,24:00:00,무료,0,0,0,0,,,,,,차량관리과,,,,2017-07-31
405-2-000265,조천읍 무료 주차장,공영,노외,제주특별자치도 제주시 조천읍함덕리 1269-9,제주특별자치도 제주시 조천읍함덕리 1269-9 외 4,145,2,미시행,평일+토요일+공휴일,24:00:00,24:00:00,24:00:00,24:00:00,24:00:00,24:00:00,무료,0,0,0,0,,,,,,차량관리과,,,,2017-07-31
405-2-000264,조천읍 무료 주차장,공영,노외,제주특별자치도 제주시 조천읍함덕리 1002-83,"제주특별자치도 제주시 조천읍함덕리 1002-83, 1004-5, 6",223,2,미시행,평일+토요일+공휴일,24:00:00,24:00:00,24:00:00,24:00:00,24:00:00,24:00:00,무료,0,0,0,0,,,,,,차량관리과,,,,2017-07-31
405-2-000263,조천읍 무료 주차장,공영,노외,제주특별자치도 제주시 조천읍함덕리 921-2,제주특별자치도 제주시 조천읍함덕리 921-3,7,2,미시행,평일+토요일+공휴일,24:00:00,24:00:00,24:00:00,24:00:00,24:00:00,24:00:00,무료,0,0,0,0,,,,,,차량관리과,,,,2017-07-31
405-2-000262,조천읍 무료 주차장,공영,노외,제주특별자치도 제주시 조천읍조천리 2714-4,제주특별자치도 제주시 조천읍조천리 2714-5,150,2,미시행,평일+토요일+공휴일,24:00:00,24:00:00,24:00:00,24:00:00,24:00:00,24:00:00,무료,0,0,0,0,,,,,,차량관리과,,,,2017-07-31
405-2-000261,조천읍 무료 주차장,공영,노외,제주특별자치도 제주시 조천읍신촌리 2542-0,제주특별자치도 제주시 조천읍신촌리 2542-1,7,2,미시행,평일+토요일+공휴일,24:00:00,24:00:00,24:00:00,24:00:00,24:00:00,24:00:00,무료,0,0,0,0,,,,,,차량관리과,,,,2017-07-31
405-2-000260,우도면 무료 주차장,공영,노외,제주특별자치도 제주시 우도면연평리 682-0,제주특별자치도 제주시 우도면연평리 682-1,25,2,미시행,평일+토요일+공휴일,24:00:00,24:00:00,24:00:00,24:00:00,24:00:00,24:00:00,무료,0,0,0,0,,,,,,차량관리과,,,,2017-07-31
405-2-000139,일도이동 무료 주차장,공영,노외,제주특별자치도 제주시 일도2동488-1,"제주특별자치도 제주시 일도2동488-1,2",124,1,미시행,평일+토요일+공휴일,24:00:00,24:00:00,24:00:00,24:00:00,24:00:00,24:00:00,무료,0,0,0,0,,,,,,차량관리과,,,,2017-07-31
405-2-000138,이도2동,공영,노외,제주특별자치도 제주시 이도2동417-3,제주특별자치도 제주시 이도2동417-4,24,1,미시행,평일+토요일+공휴일,24:00:00,24:00:00,24:00:00,24:00:00,24:00:00,24:00:00,무료,0,0,0,0,,,,,,차량관리과,,,,2017-07-31
405-2-000137,건입동 무료 주차장,공영,노외,제주특별자치도 제주시 건입동1176,제주특별자치도 제주시 건입동1177,6,1,미시행,평일+토요일+공휴일,24:00:00,24:00:00,24:00:00,24:00:00,24:00:00,24:00:00,무료,0,0,0,0,,,,,,차량관리과,,,,2017-07-31
405-2-000136,오라동 무료 주차장,공영,노외,제주특별자치도 제주시 오라2동99,제주특별자치도 제주시 오라2동100,156,1,미시행,평일+토요일+공휴일,24:00:00,24:00:00,24:00:00,24:00:00,24:00:00,24:00:00,무료,0,0,0,0,,,,,,차량관리과,,,,2017-07-31
405-2-000135,건입동 무료 주차장,공영,노외,제주특별자치도 제주시 건입동918-29,제주특별자치도 제주시 건입동918-30,100,1,미시행,평일+토요일+공휴일,24:00:00,24:00:00,24:00:00,24:00:00,24:00:00,24:00:00,무료,0,0,0,0,,,,,,차량관리과,,,,2017-07-31
405-2-000134,봉개동 무료 주차장,공영,노외,제주특별자치도 제주시 봉개동산78-0,제주특별자치도 제주시 봉개동산78-1,200,1,미시행,평일+토요일+공휴일,24:00:00,24:00:00,24:00:00,24:00:00,24:00:00,24:00:00,무료,0,0,0,0,,,,,,차량관리과,,,,2017-07-31
405-2-000133,이도이동 무료 주차장,공영,노외,제주특별자치도 제주시 이도2동 429-6,제주특별자치도 제주시 이도2동 429-7,25,1,미시행,평일+토요일+공휴일,24:00:00,24:00:00,24:00:00,24:00:00,24:00:00,24:00:00,무료,0,0,0,0,,,,,,차량관리과,,,,2017-07-31
405-2-000132,화북동 무료 주차장,공영,노외,제주특별자치도 제주시 화북1동 1984-1,"제주특별자치도 제주시 화북1동 1984-1,2",10,1,미시행,평일+토요일+공휴일,24:00:00,24:00:00,24:00:00,24:00:00,24:00:00,24:00:00,무료,0,0,0,0,,,,,,차량관리과,,,,2017-07-31
405-2-000131,노형동 무료 주차장,공영,노외,제주특별자치도 제주시 노형동1423-0,제주특별자치도 제주시 노형동1423-1,31,1,미시행,평일+토요일+공휴일,24:00:00,24:00:00,24:00:00,24:00:00,24:00:00,24:00:00,무료,0,0,0,0,,,,,,차량관리과,,,,2017-07-31
405-2-000130,일도이동 무료 주차장,공영,노외,제주특별자치도 제주시 일도2동160,제주특별자치도 제주시 일도2동161,31,1,미시행,평일+토요일+공휴일,24:00:00,24:00:00,24:00:00,24:00:00,24:00:00,24:00:00,무료,0,0,0,0,,,,,,차량관리과,,,,2017-07-31
405-2-000129,오라동 무료 주차장,공영,노외,제주특별자치도 제주시 오라1동1163-3,제주특별자치도 제주시 오라1동1163-4,638,1,미시행,평일+토요일+공휴일,24:00:00,24:00:00,24:00:00,24:00:00,24:00:00,24:00:00,무료,0,0,0,0,,,,,,차량관리과,,,,2017-07-31
405-2-000128,연동 무료 주차장,공영,노외,제주특별자치도 제주시 연동315,제주특별자치도 제주시 연동316,24,1,미시행,평일+토요일+공휴일,24:00:00,24:00:00,24:00:00,24:00:00,24:00:00,24:00:00,무료,0,0,0,0,,,,,,차량관리과,,,,2017-07-31
405-2-000127,연동 무료 주차장,공영,노외,제주특별자치도 제주시 연동302-3,제주특별자치도 제주시 연동302-4,6,1,미시행,평일+토요일+공휴일,24:00:00,24:00:00,24:00:00,24:00:00,24:00:00,24:00:00,무료,0,0,0,0,,,,,,차량관리과,,,,2017-07-31
405-2-000126,연동 무료 주차장,공영,노외,제주특별자치도 제주시 연동999,제주특별자치도 제주시 연동1000,85,1,미시행,평일+토요일+공휴일,24:00:00,24:00:00,24:00:00,24:00:00,24:00:00,24:00:00,무료,0,0,0,0,,,,,,차량관리과,,,,2017-07-31
405-2-000125,삼양동 무료 주차장,공영,노외,제주특별자치도 제주시 삼양2동1665-0,제주특별자치도 제주시 삼양2동1665-1,12,1,미시행,평일+토요일+공휴일,24:00:00,24:00:00,24:00:00,24:00:00,24:00:00,24:00:00,무료,0,0,0,0,,,,,,차량관리과,,,,2017-07-31
405-2-000124,삼도일동 무료 주차장,공영,노외,제주특별자치도 제주시 삼도1동533-9,제주특별자치도 제주시 삼도1동533-10,6,1,미시행,평일+토요일+공휴일,24:00:00,24:00:00,24:00:00,24:00:00,24:00:00,24:00:00,무료,0,0,0,0,,,,,,차량관리과,,,,2017-07-31
405-2-000123,삼도일동 무료 주차장,공영,노외,제주특별자치도 제주시 삼도1동560-1,제주특별자치도 제주시 삼도1동560-2,50,1,미시행,평일+토요일+공휴일,24:00:00,24:00:00,24:00:00,24:00:00,24:00:00,24:00:00,무료,0,0,0,0,,,,,,차량관리과,,,,2017-07-31
405-2-000122,화북동 무료 주차장,공영,노외,제주특별자치도 제주시 화북1동2130-5,제주특별자치도 제주시 화북1동2130-6,46,1,미시행,평일+토요일+공휴일,24:00:00,24:00:00,24:00:00,24:00:00,24:00:00,24:00:00,무료,0,0,0,0,,,,,,차량관리과,,,,2017-07-31
405-2-000121,화북동 무료 주차장,공영,노외,제주특별자치도 제주시 화북1동1951-4,제주특별자치도 제주시 화북1동1951-5,32,1,미시행,평일+토요일+공휴일,24:00:00,24:00:00,24:00:00,24:00:00,24:00:00,24:00:00,무료,0,0,0,0,,,,,,차량관리과,,,,2017-07-31
405-2-000120,화북동 무료 주차장,공영,노외,제주특별자치도 제주시 화북1동1930-3,제주특별자치도 제주시 화북1동1930-4,18,1,미시행,평일+토요일+공휴일,24:00:00,24:00:00,24:00:00,24:00:00,24:00:00,24:00:00,무료,0,0,0,0,,,,,,차량관리과,,,,2017-07-31
405-2-000119,화북동 무료 주차장,공영,노외,제주특별자치도 제주시 화북1동1935,제주특별자치도 제주시 화북1동1936,11,1,미시행,평일+토요일+공휴일,24:00:00,24:00:00,24:00:00,24:00:00,24:00:00,24:00:00,무료,0,0,0,0,,,,,,차량관리과,,,,2017-07-31
405-2-000118,일도이동 무료 주차장,공영,노외,제주특별자치도 제주시 일도2동991-37,제주특별자치도 제주시 일도2동991-38,30,1,미시행,평일+토요일+공휴일,24:00:00,24:00:00,24:00:00,24:00:00,24:00:00,24:00:00,무료,0,0,0,0,,,,,,차량관리과,,,,2017-07-31
405-2-000117,화북동 무료 주차장,공영,노외,제주특별자치도 제주시 화북1동1619-6,제주특별자치도 제주시 화북1동1619-7,3,1,미시행,평일+토요일+공휴일,24:00:00,24:00:00,24:00:00,24:00:00,24:00:00,24:00:00,무료,0,0,0,0,,,,,,차량관리과,,,,2017-07-31
405-2-000116,연동 무료 주차장,공영,노외,제주특별자치도 제주시 연동291-20,제주특별자치도 제주시 연동291-21,9,1,미시행,평일+토요일+공휴일,24:00:00,24:00:00,24:00:00,24:00:00,24:00:00,24:00:00,무료,0,0,0,0,,,,,,차량관리과,,,,2017-07-31
405-2-000259,우도면 무료 주차장,공영,노외,제주특별자치도 제주시 우도면연평리 317-0,제주특별자치도 제주시 우도면연평리 317-1,24,2,미시행,평일+토요일+공휴일,24:00:00,24:00:00,24:00:00,24:00:00,24:00:00,24:00:00,무료,0,0,0,0,,,,,,차량관리과,,,,2017-07-31
405-2-000258,우도면 무료 주차장,공영,노외,제주특별자치도 제주시 우도면연평리 611-0,제주특별자치도 제주시 우도면연평리 611-1,36,2,미시행,평일+토요일+공휴일,24:00:00,24:00:00,24:00:00,24:00:00,24:00:00,24:00:00,무료,0,0,0,0,,,,,,차량관리과,,,,2017-07-31
405-2-000257,한림읍 무료 주차장,공영,노외,제주특별자치도 제주시 한림읍금능리 2015,제주특별자치도 제주시 한림읍금능리 2016외,100,2,미시행,평일+토요일+공휴일,24:00:00,24:00:00,24:00:00,24:00:00,24:00:00,24:00:00,무료,0,0,0,0,,,,,,차량관리과,,,,2017-07-31
405-2-000256,한림읍 무료 주차장,공영,노외,제주특별자치도 제주시 한림읍금능리 1427,제주특별자치도 제주시 한림읍금능리 1428,15,2,미시행,평일+토요일+공휴일,24:00:00,24:00:00,24:00:00,24:00:00,24:00:00,24:00:00,무료,0,0,0,0,,,,,,차량관리과,,,,2017-07-31
405-2-000255,애월읍 무료 주차장,공영,노외,제주특별자치도 제주시 애월읍상귀리 1008-1,"제주특별자치도 제주시 애월읍상귀리 1008-1, 1006",30,2,미시행,평일+토요일+공휴일,24:00:00,24:00:00,24:00:00,24:00:00,24:00:00,24:00:00,무료,0,0,0,0,,,,,,차량관리과,,,,2017-07-31
405-2-000254,애월읍 무료 주차장,공영,노외,제주특별자치도 제주시 애월읍애월리 2060-1,제주특별자치도 제주시 애월읍애월리 2060-2,13,2,미시행,평일+토요일+공휴일,24:00:00,24:00:00,24:00:00,24:00:00,24:00:00,24:00:00,무료,0,0,0,0,,,,,,차량관리과,,,,2017-07-31
405-2-000253,애월읍 무료 주차장,공영,노외,제주특별자치도 제주시 애월읍하귀2리 1892-0,제주특별자치도 제주시 애월읍하귀2리 1892-1,23,2,미시행,평일+토요일+공휴일,24:00:00,24:00:00,24:00:00,24:00:00,24:00:00,24:00:00,무료,0,0,0,0,,,,,,차량관리과,,,,2017-07-31
405-2-000252,구좌읍 무료 주차장,공영,노외,제주특별자치도 제주시 구좌읍평대리 3164-0,제주특별자치도 제주시 구좌읍평대리 3164-1,70,2,미시행,평일+토요일+공휴일,24:00:00,24:00:00,24:00:00,24:00:00,24:00:00,24:00:00,무료,0,0,0,0,,,,,,차량관리과,,,,2017-07-31
405-2-000251,구좌읍 무료 주차장,공영,노외,제주특별자치도 제주시 구좌읍하도리 3204-0,제주특별자치도 제주시 구좌읍하도리 3204-1,115,2,미시행,평일+토요일+공휴일,24:00:00,24:00:00,24:00:00,24:00:00,24:00:00,24:00:00,무료,0,0,0,0,,,,,,차량관리과,,,,2017-07-31
405-2-000250,구좌읍 무료 주차장,공영,노외,제주특별자치도 제주시 구좌읍김녕리 3341-2,제주특별자치도 제주시 구좌읍김녕리 3341-3,135,2,미시행,평일+토요일+공휴일,24:00:00,24:00:00,24:00:00,24:00:00,24:00:00,24:00:00,무료,0,0,0,0,,,,,,차량관리과,,,,2017-07-31
405-2-000249,구좌읍 무료 주차장,공영,노외,제주특별자치도 제주시 구좌읍월정리 648-3,"제주특별자치도 제주시 구좌읍월정리 648-3,6",9,2,미시행,평일+토요일+공휴일,24:00:00,24:00:00,24:00:00,24:00:00,24:00:00,24:00:00,무료,0,0,0,0,,,,,,차량관리과,,,,2017-07-31
405-2-000248,구좌읍 무료 주차장,공영,노외,제주특별자치도 제주시 구좌읍김녕리 492,"제주특별자치도 제주시 구좌읍김녕리 492, -1, 493-3",79,2,미시행,평일+토요일+공휴일,24:00:00,24:00:00,24:00:00,24:00:00,24:00:00,24:00:00,무료,0,0,0,0,,,,,,차량관리과,,,,2017-07-31
405-2-000247,구좌읍 무료 주차장,공영,노외,제주특별자치도 제주시 구좌읍세화리 3641-0,제주특별자치도 제주시 구좌읍세화리 3641-1,69,2,미시행,평일+토요일+공휴일,24:00:00,24:00:00,24:00:00,24:00:00,24:00:00,24:00:00,무료,0,0,0,0,,,,,,차량관리과,,,,2017-07-31
405-2-000246,구좌읍 무료 주차장,공영,노외,제주특별자치도 제주시 구좌읍평대리 3351,"제주특별자치도 제주시 구좌읍평대리 3351, -1",70,2,미시행,평일+토요일+공휴일,24:00:00,24:00:00,24:00:00,24:00:00,24:00:00,24:00:00,무료,0,0,0,0,,,,,,차량관리과,,,,2017-07-31
405-2-000245,구좌읍 무료 주차장,공영,노외,제주특별자치도 제주시 구좌읍세화리 1500-5,"제주특별자치도 제주시 구좌읍세화리 1500-5, -45",15,2,미시행,평일+토요일+공휴일,24:00:00,24:00:00,24:00:00,24:00:00,24:00:00,24:00:00,무료,0,0,0,0,,,,,,차량관리과,,,,2017-07-31
405-2-000244,구좌읍 무료 주차장,공영,노외,제주특별자치도 제주시 구좌읍김녕리 1352-1,"제주특별자치도 제주시 구좌읍김녕리 1352-1, 2",4,2,미시행,평일+토요일+공휴일,24:00:00,24:00:00,24:00:00,24:00:00,24:00:00,24:00:00,무료,0,0,0,0,,,,,,차량관리과,,,,2017-07-31
405-2-000243,일도이동 무료 주차장,공영,노외,제주특별자치도 제주시 일도2동984-2,제주특별자치도 제주시 일도2동984-3,16,1,미시행,평일+토요일+공휴일,24:00:00,24:00:00,24:00:00,24:00:00,24:00:00,24:00:00,무료,0,0,0,0,,,,,,차량관리과,,,,2017-07-31
405-2-000242,건입동 무료 주차장,공영,노외,제주특별자치도 제주시 건입동1190-0,제주특별자치도 제주시 건입동1190-1,10,1,미시행,평일+토요일+공휴일,24:00:00,24:00:00,24:00:00,24:00:00,24:00:00,24:00:00,무료,0,0,0,0,,,,,,차량관리과,,,,2017-07-31
405-2-000241,도두동 무료 주차장,공영,노외,제주특별자치도 제주시 도두1동1987-1,제주특별자치도 제주시 도두1동1987-2,50,1,미시행,평일+토요일+공휴일,24:00:00,24:00:00,24:00:00,24:00:00,24:00:00,24:00:00,무료,0,0,0,0,,,,,,차량관리과,,,,2017-07-31
405-2-000240,봉개동 무료 주차장,공영,노외,제주특별자치도 제주시 봉개동1853-0,제주특별자치도 제주시 봉개동1853-1,56,1,미시행,평일+토요일+공휴일,24:00:00,24:00:00,24:00:00,24:00:00,24:00:00,24:00:00,무료,0,0,0,0,,,,,,차량관리과,,,,2017-07-31
405-2-000239,화북동 무료 주차장,공영,노외,제주특별자치도 제주시 화북2동3645-6,제주특별자치도 제주시 화북2동3645-6,4,1,미시행,평일+토요일+공휴일,24:00:00,24:00:00,24:00:00,24:00:00,24:00:00,24:00:00,무료,0,0,0,0,,,,,,차량관리과,,,,2017-07-31
405-2-000238,화북동 무료 주차장,공영,노외,제주특별자치도 제주시 화북2동3645-4,제주특별자치도 제주시 화북2동3645-4,48,1,미시행,평일+토요일+공휴일,24:00:00,24:00:00,24:00:00,24:00:00,24:00:00,24:00:00,무료,0,0,0,0,,,,,,차량관리과,,,,2017-07-31
405-2-000237,봉개동 무료 주차장,공영,노외,제주특별자치도 제주시 봉개동1854-0,제주특별자치도 제주시 봉개동1854-1,40,1,미시행,평일+토요일+공휴일,24:00:00,24:00:00,24:00:00,24:00:00,24:00:00,24:00:00,무료,0,0,0,0,,,,,,차량관리과,,,,2017-07-31
405-2-000115,화북동 무료 주차장,공영,노외,제주특별자치도 제주시 화북1동14-0,제주특별자치도 제주시 화북1동14-1,15,1,미시행,평일+토요일+공휴일,24:00:00,24:00:00,24:00:00,24:00:00,24:00:00,24:00:00,무료,0,0,0,0,,,,,,차량관리과,,,,2017-07-31
405-2-000114,화북동 무료 주차장,공영,노외,제주특별자치도 제주시 화북1동11-6,제주특별자치도 제주시 화북1동11-7,47,1,미시행,평일+토요일+공휴일,24:00:00,24:00:00,24:00:00,24:00:00,24:00:00,24:00:00,무료,0,0,0,0,,,,,,차량관리과,,,,2017-07-31
405-2-000113,이호동 무료 주차장,공영,노외,제주특별자치도 제주시 이호1동1665-10,제주특별자치도 제주시 이호1동1665-11,750,1,미시행,평일+토요일+공휴일,24:00:00,24:00:00,24:00:00,24:00:00,24:00:00,24:00:00,무료,0,0,0,0,,,,,,차량관리과,,,,2017-07-31
405-2-000112,이호동 무료 주차장,공영,노외,제주특별자치도 제주시 이호1동1788-5,제주특별자치도 제주시 이호1동1788-6,35,1,미시행,평일+토요일+공휴일,24:00:00,24:00:00,24:00:00,24:00:00,24:00:00,24:00:00,무료,0,0,0,0,,,,,,차량관리과,,,,2017-07-31
405-2-000111,건입동 무료 주차장,공영,노외,제주특별자치도 제주시 건입동1042-2,"제주특별자치도 제주시 건입동1042-2,1",18,1,미시행,평일+토요일+공휴일,24:00:00,24:00:00,24:00:00,24:00:00,24:00:00,24:00:00,무료,0,0,0,0,,,,,,차량관리과,,,,2017-07-31
405-2-000110,건입동 무료 주차장,공영,노외,제주특별자치도 제주시 건입동1189-0,제주특별자치도 제주시 건입동1189-1,7,1,미시행,평일+토요일+공휴일,24:00:00,24:00:00,24:00:00,24:00:00,24:00:00,24:00:00,무료,0,0,0,0,,,,,,차량관리과,,,,2017-07-31
405-2-000109,건입동 무료 주차장,공영,노외,제주특별자치도 제주시 건입동697-1,"제주특별자치도 제주시 건입동697-1,6",70,1,미시행,평일+토요일+공휴일,24:00:00,24:00:00,24:00:00,24:00:00,24:00:00,24:00:00,무료,0,0,0,0,,,,,,차량관리과,,,,2017-07-31
405-2-000108,노형동 무료 주차장,공영,노외,제주특별자치도 제주시 노형동2595-6,제주특별자치도 제주시 노형동2595-7,32,1,미시행,평일+토요일+공휴일,24:00:00,24:00:00,24:00:00,24:00:00,24:00:00,24:00:00,무료,0,0,0,0,,,,,,차량관리과,,,,2017-07-31
405-2-000107,노형동 무료 주차장,공영,노외,제주특별자치도 제주시 노형동2589-0,제주특별자치도 제주시 노형동2589-1,28,1,미시행,평일+토요일+공휴일,24:00:00,24:00:00,24:00:00,24:00:00,24:00:00,24:00:00,무료,0,0,0,0,,,,,,차량관리과,,,,2017-07-31
405-2-000106,노형동 무료 주차장,공영,노외,제주특별자치도 제주시 노형동2580-0,제주특별자치도 제주시 노형동2580-1,46,1,미시행,평일+토요일+공휴일,24:00:00,24:00:00,24:00:00,24:00:00,24:00:00,24:00:00,무료,0,0,0,0,,,,,,차량관리과,,,,2017-07-31
405-2-000105,노형동 무료 주차장,공영,노외,제주특별자치도 제주시 노형동2575-0,제주특별자치도 제주시 노형동2575-1,40,1,미시행,평일+토요일+공휴일,24:00:00,24:00:00,24:00:00,24:00:00,24:00:00,24:00:00,무료,0,0,0,0,,,,,,차량관리과,,,,2017-07-31
405-2-000104,노형동 무료 주차장,공영,노외,제주특별자치도 제주시 노형동2534-2,제주특별자치도 제주시 노형동2534-3,74,1,미시행,평일+토요일+공휴일,24:00:00,24:00:00,24:00:00,24:00:00,24:00:00,24:00:00,무료,0,0,0,0,,,,,,차량관리과,,,,2017-07-31
405-2-000103,노형동 무료 주차장,공영,노외,제주특별자치도 제주시 노형동2612-1,제주특별자치도 제주시 노형동2612-2,92,1,미시행,평일+토요일+공휴일,24:00:00,24:00:00,24:00:00,24:00:00,24:00:00,24:00:00,무료,0,0,0,0,,,,,,차량관리과,,,,2017-07-31
405-2-000102,노형동 무료 주차장,공영,노외,제주특별자치도 제주시 노형동2517-1,"제주특별자치도 제주시 노형동2517-1,2",107,1,미시행,평일+토요일+공휴일,24:00:00,24:00:00,24:00:00,24:00:00,24:00:00,24:00:00,무료,0,0,0,0,,,,,,차량관리과,,,,2017-07-31
405-2-000101,노형동 무료 주차장,공영,노외,제주특별자치도 제주시 노형동2512-1,"제주특별자치도 제주시 노형동2512-1,2",78,1,미시행,평일+토요일+공휴일,24:00:00,24:00:00,24:00:00,24:00:00,24:00:00,24:00:00,무료,0,0,0,0,,,,,,차량관리과,,,,2017-07-31
405-2-000100,노형동 무료 주차장,공영,노외,제주특별자치도 제주시 노형동1282-0,제주특별자치도 제주시 노형동1282-1,92,1,미시행,평일+토요일+공휴일,24:00:00,24:00:00,24:00:00,24:00:00,24:00:00,24:00:00,무료,0,0,0,0,,,,,,차량관리과,,,,2017-07-31
405-2-000099,노형동 무료 주차장,공영,노외,제주특별자치도 제주시 노형동1043-0,제주특별자치도 제주시 노형동1043-1,69,1,미시행,평일+토요일+공휴일,24:00:00,24:00:00,24:00:00,24:00:00,24:00:00,24:00:00,무료,0,0,0,0,,,,,,차량관리과,,,,2017-07-31
405-2-000098,노형동 무료 주차장,공영,노외,제주특별자치도 제주시 노형동1290-2,제주특별자치도 제주시 노형동1290-3,77,1,미시행,평일+토요일+공휴일,24:00:00,24:00:00,24:00:00,24:00:00,24:00:00,24:00:00,무료,0,0,0,0,,,,,,차량관리과,,,,2017-07-31
405-2-000097,노형동 무료 주차장,공영,노외,제주특별자치도 제주시 노형동1293-1,제주특별자치도 제주시 노형동1293-2,39,1,미시행,평일+토요일+공휴일,24:00:00,24:00:00,24:00:00,24:00:00,24:00:00,24:00:00,무료,0,0,0,0,,,,,,차량관리과,,,,2017-07-31
405-2-000096,노형동 무료 주차장,공영,노외,제주특별자치도 제주시 노형동751,제주특별자치도 제주시 노형동751,36,1,미시행,평일+토요일+공휴일,24:00:00,24:00:00,24:00:00,24:00:00,24:00:00,24:00:00,무료,0,0,0,0,,,,,,차량관리과,,,,2017-07-31
405-2-000095,노형동 무료 주차장,공영,노외,제주특별자치도 제주시 노형동736,제주특별자치도 제주시 노형동736,33,1,미시행,평일+토요일+공휴일,24:00:00,24:00:00,24:00:00,24:00:00,24:00:00,24:00:00,무료,0,0,0,0,,,,,,차량관리과,,,,2017-07-31
405-2-000094,노형동 무료 주차장,공영,노외,제주특별자치도 제주시 노형동710-3,제주특별자치도 제주시 노형동710-4,45,1,미시행,평일+토요일+공휴일,24:00:00,24:00:00,24:00:00,24:00:00,24:00:00,24:00:00,무료,0,0,0,0,,,,,,차량관리과,,,,2017-07-31
405-2-000093,외도동 무료 주차장,공영,노외,제주특별자치도 제주시 외도2동233-7,제주특별자치도 제주시 외도2동233-8,19,1,미시행,평일+토요일+공휴일,24:00:00,24:00:00,24:00:00,24:00:00,24:00:00,24:00:00,무료,0,0,0,0,,,,,,차량관리과,,,,2017-07-31
405-2-000092,외도동 무료 주차장,공영,노외,제주특별자치도 제주시 외도1동632-6,제주특별자치도 제주시 외도1동632-7,51,1,미시행,평일+토요일+공휴일,24:00:00,24:00:00,24:00:00,24:00:00,24:00:00,24:00:00,무료,0,0,0,0,,,,,,차량관리과,,,,2017-07-31
405-2-000236,이도일동 무료 주차장,공영,노외,제주특별자치도 제주시 이도1동1555-24,제주특별자치도 제주시 이도1동1555-25,10,1,미시행,평일+토요일+공휴일,24:00:00,24:00:00,24:00:00,24:00:00,24:00:00,24:00:00,무료,0,0,0,0,,,,,,차량관리과,,,,2017-07-31
405-2-000235,삼도일동 무료 주차장,공영,노외,제주특별자치도 제주시 삼도1동533-8,제주특별자치도 제주시 삼도1동533-9,8,1,미시행,평일+토요일+공휴일,24:00:00,24:00:00,24:00:00,24:00:00,24:00:00,24:00:00,무료,0,0,0,0,,,,,,차량관리과,,,,2017-07-31
405-2-000234,건입동 무료 주차장,공영,노외,제주특별자치도 제주시 건입동709-1,제주특별자치도 제주시 건입동709-2,13,1,미시행,평일+토요일+공휴일,24:00:00,24:00:00,24:00:00,24:00:00,24:00:00,24:00:00,무료,0,0,0,0,,,,,,차량관리과,,,,2017-07-31
405-2-000233,용담일동 무료 주차장,공영,노외,제주특별자치도 제주시 용담1동244-0,제주특별자치도 제주시 용담1동244-1,7,1,미시행,평일+토요일+공휴일,24:00:00,24:00:00,24:00:00,24:00:00,24:00:00,24:00:00,무료,0,0,0,0,,,,,,차량관리과,,,,2017-07-31
405-2-000232,삼도일동 무료 주차장,공영,노외,제주특별자치도 제주시 삼도1동533-8,제주특별자치도 제주시 삼도1동533-9,8,1,미시행,평일+토요일+공휴일,24:00:00,24:00:00,24:00:00,24:00:00,24:00:00,24:00:00,무료,0,0,0,0,,,,,,차량관리과,,,,2017-07-31
405-2-000231,건입동 무료 주차장,공영,노외,제주특별자치도 제주시 건입동709-1,제주특별자치도 제주시 건입동709-2,13,1,미시행,평일+토요일+공휴일,24:00:00,24:00:00,24:00:00,24:00:00,24:00:00,24:00:00,무료,0,0,0,0,,,,,,차량관리과,,,,2017-07-31
405-2-000230,용담일동 무료 주차장,공영,노외,제주특별자치도 제주시 용담1동244-0,제주특별자치도 제주시 용담1동244-1,9,1,미시행,평일+토요일+공휴일,24:00:00,24:00:00,24:00:00,24:00:00,24:00:00,24:00:00,무료,0,0,0,0,,,,,,차량관리과,,,,2017-07-31
405-2-000229,건입동 무료 주차장,공영,노외,제주특별자치도 제주시 건입동1042-6,제주특별자치도 제주시 건입동1042-7,3,1,미시행,평일+토요일+공휴일,24:00:00,24:00:00,24:00:00,24:00:00,24:00:00,24:00:00,무료,0,0,0,0,,,,,,차량관리과,,,,2017-07-31
405-2-000228,봉개동 무료 주차장,공영,노외,제주특별자치도 제주시 회천동3262-3,제주특별자치도 제주시 회천동3262-3외3,31,1,미시행,평일+토요일+공휴일,24:00:00,24:00:00,24:00:00,24:00:00,24:00:00,24:00:00,무료,0,0,0,0,,,,,,차량관리과,,,,2017-07-31
405-2-000227,건입동 무료 주차장,공영,노외,제주특별자치도 제주시 건입동709-3,제주특별자치도 제주시 건입동709-4,15,1,미시행,평일+토요일+공휴일,24:00:00,24:00:00,24:00:00,24:00:00,24:00:00,24:00:00,무료,0,0,0,0,,,,,,차량관리과,,,,2017-07-31
405-2-000226,일도이동 무료 주차장,공영,노외,제주특별자치도 제주시 일도2동132-13,제주특별자치도 제주시 일도2동132-14,8,1,미시행,평일+토요일+공휴일,24:00:00,24:00:00,24:00:00,24:00:00,24:00:00,24:00:00,무료,0,0,0,0,,,,,,차량관리과,,,,2017-07-31
405-2-000225,이도일동 무료 주차장,공영,노외,제주특별자치도 제주시 이도1동1292-9,제주특별자치도 제주시 이도1동1292-10,20,1,미시행,평일+토요일+공휴일,24:00:00,24:00:00,24:00:00,24:00:00,24:00:00,24:00:00,무료,0,0,0,0,,,,,,차량관리과,,,,2017-07-31
405-2-000224,아라동 무료 주차장,공영,노외,제주특별자치도 제주시 아라1동6103-5,제주특별자치도 제주시 아라1동6103-6,37,1,미시행,평일+토요일+공휴일,24:00:00,24:00:00,24:00:00,24:00:00,24:00:00,24:00:00,무료,0,0,0,0,,,,,,차량관리과,,,,2017-07-31
405-2-000223,아라동 무료 주차장,공영,노외,제주특별자치도 제주시 아라1동6075-5,제주특별자치도 제주시 아라1동6075-6,30,1,미시행,평일+토요일+공휴일,24:00:00,24:00:00,24:00:00,24:00:00,24:00:00,24:00:00,무료,0,0,0,0,,,,,,차량관리과,,,,2017-07-31
405-2-000222,아라동 무료 주차장,공영,노외,제주특별자치도 제주시 아라1동6083-2,제주특별자치도 제주시 아라1동6083-3,48,1,미시행,평일+토요일+공휴일,24:00:00,24:00:00,24:00:00,24:00:00,24:00:00,24:00:00,무료,0,0,0,0,,,,,,차량관리과,,,,2017-07-31
405-2-000221,아라동 무료 주차장,공영,노외,제주특별자치도 제주시 아라1동6064-3,제주특별자치도 제주시 아라1동6064-4,24,1,미시행,평일+토요일+공휴일,24:00:00,24:00:00,24:00:00,24:00:00,24:00:00,24:00:00,무료,0,0,0,0,,,,,,차량관리과,,,,2017-07-31
405-2-000220,아라동 무료 주차장,공영,노외,제주특별자치도 제주시 아라1동6060,제주특별자치도 제주시 아라1동6061,19,1,미시행,평일+토요일+공휴일,24:00:00,24:00:00,24:00:00,24:00:00,24:00:00,24:00:00,무료,0,0,0,0,,,,,,차량관리과,,,,2017-07-31
405-2-000219,아라동 무료 주차장,공영,노외,제주특별자치도 제주시 아라1동6068-8,제주특별자치도 제주시 아라1동6068-9,24,1,미시행,평일+토요일+공휴일,24:00:00,24:00:00,24:00:00,24:00:00,24:00:00,24:00:00,무료,0,0,0,0,,,,,,차량관리과,,,,2017-07-31
405-2-000218,아라동 무료 주차장,공영,노외,제주특별자치도 제주시 아라1동6140-3,제주특별자치도 제주시 아라1동6140-4,77,1,미시행,평일+토요일+공휴일,24:00:00,24:00:00,24:00:00,24:00:00,24:00:00,24:00:00,무료,0,0,0,0,,,,,,차량관리과,,,,2017-07-31
405-2-000217,아라동 무료 주차장,공영,노외,제주특별자치도 제주시 아라1동6158,제주특별자치도 제주시 아라1동6159,47,1,미시행,평일+토요일+공휴일,24:00:00,24:00:00,24:00:00,24:00:00,24:00:00,24:00:00,무료,0,0,0,0,,,,,,차량관리과,,,,2017-07-31
405-2-000216,아라동 무료 주차장,공영,노외,제주특별자치도 제주시 아라1동6142-0,제주특별자치도 제주시 아라1동6142-1,41,1,미시행,평일+토요일+공휴일,24:00:00,24:00:00,24:00:00,24:00:00,24:00:00,24:00:00,무료,0,0,0,0,,,,,,차량관리과,,,,2017-07-31
405-2-000215,아라동 무료 주차장,공영,노외,제주특별자치도 제주시 아라1동6130,제주특별자치도 제주시 아라1동6131,36,1,미시행,평일+토요일+공휴일,24:00:00,24:00:00,24:00:00,24:00:00,24:00:00,24:00:00,무료,0,0,0,0,,,,,,차량관리과,,,,2017-07-31
405-2-000214,아라동 무료 주차장,공영,노외,제주특별자치도 제주시 아라1동6128-3,제주특별자치도 제주시 아라1동6128-4,24,1,미시행,평일+토요일+공휴일,24:00:00,24:00:00,24:00:00,24:00:00,24:00:00,24:00:00,무료,0,0,0,0,,,,,,차량관리과,,,,2017-07-31
405-2-000213,아라동 무료 주차장,공영,노외,제주특별자치도 제주시 아라1동6122,제주특별자치도 제주시 아라1동6123,34,1,미시행,평일+토요일+공휴일,24:00:00,24:00:00,24:00:00,24:00:00,24:00:00,24:00:00,무료,0,0,0,0,,,,,,차량관리과,,,,2017-07-31
405-2-000091,외도동 무료 주차장,공영,노외,제주특별자치도 제주시 외도1동559-0,제주특별자치도 제주시 외도1동559-1,54,1,미시행,평일+토요일+공휴일,24:00:00,24:00:00,24:00:00,24:00:00,24:00:00,24:00:00,무료,0,0,0,0,,,,,,차량관리과,,,,2017-07-31
405-2-000090,외도동 무료 주차장,공영,노외,제주특별자치도 제주시 외도1동542-17,제주특별자치도 제주시 외도1동542-18,23,1,미시행,평일+토요일+공휴일,24:00:00,24:00:00,24:00:00,24:00:00,24:00:00,24:00:00,무료,0,0,0,0,,,,,,차량관리과,,,,2017-07-31
405-2-000089,외도동 무료 주차장,공영,노외,제주특별자치도 제주시 외도1동530-3,제주특별자치도 제주시 외도1동530-4,48,1,미시행,평일+토요일+공휴일,24:00:00,24:00:00,24:00:00,24:00:00,24:00:00,24:00:00,무료,0,0,0,0,,,,,,차량관리과,,,,2017-07-31
405-2-000088,외도동 무료 주차장,공영,노외,제주특별자치도 제주시 외도1동497-15,제주특별자치도 제주시 외도1동497-16,11,1,미시행,평일+토요일+공휴일,24:00:00,24:00:00,24:00:00,24:00:00,24:00:00,24:00:00,무료,0,0,0,0,,,,,,차량관리과,,,,2017-07-31
405-2-000087,외도동 무료 주차장,공영,노외,제주특별자치도 제주시 외도1동496-16,제주특별자치도 제주시 외도1동496-17,31,1,미시행,평일+토요일+공휴일,24:00:00,24:00:00,24:00:00,24:00:00,24:00:00,24:00:00,무료,0,0,0,0,,,,,,차량관리과,,,,2017-07-31
405-2-000086,외도동 무료 주차장,공영,노외,제주특별자치도 제주시 외도1동493-0,제주특별자치도 제주시 외도1동493-1,39,1,미시행,평일+토요일+공휴일,24:00:00,24:00:00,24:00:00,24:00:00,24:00:00,24:00:00,무료,0,0,0,0,,,,,,차량관리과,,,,2017-07-31
405-2-000085,외도동 무료 주차장,공영,노외,제주특별자치도 제주시 외도1동482-0,제주특별자치도 제주시 외도1동482-1,44,1,미시행,평일+토요일+공휴일,24:00:00,24:00:00,24:00:00,24:00:00,24:00:00,24:00:00,무료,0,0,0,0,,,,,,차량관리과,,,,2017-07-31
405-2-000084,외도동 무료 주차장,공영,노외,제주특별자치도 제주시 외도1동453-0,제주특별자치도 제주시 외도1동453-1,43,1,미시행,평일+토요일+공휴일,24:00:00,24:00:00,24:00:00,24:00:00,24:00:00,24:00:00,무료,0,0,0,0,,,,,,차량관리과,,,,2017-07-31
405-2-000083,외도동 무료 주차장,공영,노외,제주특별자치도 제주시 외도1동448-2,제주특별자치도 제주시 외도1동448-3,59,1,미시행,평일+토요일+공휴일,24:00:00,24:00:00,24:00:00,24:00:00,24:00:00,24:00:00,무료,0,0,0,0,,,,,,차량관리과,,,,2017-07-31
405-2-000082,외도동 무료 주차장,공영,노외,제주특별자치도 제주시 외도1동440-6,제주특별자치도 제주시 외도1동440-7,50,1,미시행,평일+토요일+공휴일,24:00:00,24:00:00,24:00:00,24:00:00,24:00:00,24:00:00,무료,0,0,0,0,,,,,,차량관리과,,,,2017-07-31
405-2-000081,외도동 무료 주차장,공영,노외,제주특별자치도 제주시 외도1동417-5,제주특별자치도 제주시 외도1동417-6,42,1,미시행,평일+토요일+공휴일,24:00:00,24:00:00,24:00:00,24:00:00,24:00:00,24:00:00,무료,0,0,0,0,,,,,,차량관리과,,,,2017-07-31
405-2-000080,일도이동 무료 주차장,공영,노외,제주특별자치도 제주시 일도2동878,제주특별자치도 제주시 일도2동879,44,1,미시행,평일+토요일+공휴일,24:00:00,24:00:00,24:00:00,24:00:00,24:00:00,24:00:00,무료,0,0,0,0,,,,,,차량관리과,,,,2017-07-31
405-2-000079,일도이동 무료 주차장,공영,노외,제주특별자치도 제주시 일도2동82-7,제주특별자치도 제주시 일도2동82-8,49,1,미시행,평일+토요일+공휴일,24:00:00,24:00:00,24:00:00,24:00:00,24:00:00,24:00:00,무료,0,0,0,0,,,,,,차량관리과,,,,2017-07-31
405-2-000078,연동 무료 주차장,공영,노외,제주특별자치도 제주시 연동2303-10,제주특별자치도 제주시 연동2303-11,7,1,미시행,평일+토요일+공휴일,24:00:00,24:00:00,24:00:00,24:00:00,24:00:00,24:00:00,무료,0,0,0,0,,,,,,차량관리과,,,,2017-07-31
405-2-000077,연동 무료 주차장,공영,노외,제주특별자치도 제주시 연동2305-6,제주특별자치도 제주시 연동2305-7,38,1,미시행,평일+토요일+공휴일,24:00:00,24:00:00,24:00:00,24:00:00,24:00:00,24:00:00,무료,0,0,0,0,,,,,,차량관리과,,,,2017-07-31
405-2-000076,연동 무료 주차장,공영,노외,제주특별자치도 제주시 연동1957-0,제주특별자치도 제주시 연동1957-1,4,1,미시행,평일+토요일+공휴일,24:00:00,24:00:00,24:00:00,24:00:00,24:00:00,24:00:00,무료,0,0,0,0,,,,,,차량관리과,,,,2017-07-31
405-2-000075,연동 무료 주차장,공영,노외,제주특별자치도 제주시 연동1519-1,제주특별자치도 제주시 연동1519-2,40,1,미시행,평일+토요일+공휴일,24:00:00,24:00:00,24:00:00,24:00:00,24:00:00,24:00:00,무료,0,0,0,0,,,,,,차량관리과,,,,2017-07-31
405-2-000074,연동 무료 주차장,공영,노외,제주특별자치도 제주시 연동1517,제주특별자치도 제주시 연동1517,28,1,미시행,평일+토요일+공휴일,24:00:00,24:00:00,24:00:00,24:00:00,24:00:00,24:00:00,무료,0,0,0,0,,,,,,차량관리과,,,,2017-07-31
405-2-000073,연동 무료 주차장,공영,노외,제주특별자치도 제주시 연동1504,제주특별자치도 제주시 연동1504,18,1,미시행,평일+토요일+공휴일,24:00:00,24:00:00,24:00:00,24:00:00,24:00:00,24:00:00,무료,0,0,0,0,,,,,,차량관리과,,,,2017-07-31
405-2-000072,연동 무료 주차장,공영,노외,제주특별자치도 제주시 연동1499,제주특별자치도 제주시 연동1499,28,1,미시행,평일+토요일+공휴일,24:00:00,24:00:00,24:00:00,24:00:00,24:00:00,24:00:00,무료,0,0,0,0,,,,,,차량관리과,,,,2017-07-31
405-2-000071,연동 무료 주차장,공영,노외,제주특별자치도 제주시 연동1458-1,제주특별자치도 제주시 연동1458-2,26,1,미시행,평일+토요일+공휴일,24:00:00,24:00:00,24:00:00,24:00:00,24:00:00,24:00:00,무료,0,0,0,0,,,,,,차량관리과,,,,2017-07-31
405-2-000070,연동 무료 주차장,공영,노외,제주특별자치도 제주시 연동299-12,제주특별자치도 제주시 연동299-13,33,1,미시행,평일+토요일+공휴일,24:00:00,24:00:00,24:00:00,24:00:00,24:00:00,24:00:00,무료,0,0,0,0,,,,,,차량관리과,,,,2017-07-31
405-2-000069,용담일동 무료 주차장,공영,노외,제주특별자치도 제주시 용담1동220-16,제주특별자치도 제주시 용담1동220-16,5,1,미시행,평일+토요일+공휴일,24:00:00,24:00:00,24:00:00,24:00:00,24:00:00,24:00:00,무료,0,0,0,0,,,,,,차량관리과,,,,2017-07-31
405-2-000068,용담일동 무료 주차장,공영,노외,제주특별자치도 제주시 용담1동220-10,제주특별자치도 제주시 용담1동220-10,4,1,미시행,평일+토요일+공휴일,24:00:00,24:00:00,24:00:00,24:00:00,24:00:00,24:00:00,무료,0,0,0,0,,,,,,차량관리과,,,,2017-07-31
405-2-000067,용담일동 무료 주차장,공영,노외,제주특별자치도 제주시 용담1동295-40,"제주특별자치도 제주시 용담1동295-40,295-49",8,1,미시행,평일+토요일+공휴일,24:00:00,24:00:00,24:00:00,24:00:00,24:00:00,24:00:00,무료,0,0,0,0,,,,,,차량관리과,,,,2017-07-31
405-2-000212,아라동 무료 주차장,공영,노외,제주특별자치도 제주시 아라1동6114-4,제주특별자치도 제주시 아라1동6114-5,36,1,미시행,평일+토요일+공휴일,24:00:00,24:00:00,24:00:00,24:00:00,24:00:00,24:00:00,무료,0,0,0,0,,,,,,차량관리과,,,,2017-07-31
405-2-000211,아라동 무료 주차장,공영,노외,제주특별자치도 제주시 아라1동6110,제주특별자치도 제주시 아라1동6111,43,1,미시행,평일+토요일+공휴일,24:00:00,24:00:00,24:00:00,24:00:00,24:00:00,24:00:00,무료,0,0,0,0,,,,,,차량관리과,,,,2017-07-31
405-2-000210,아라동 무료 주차장,공영,노외,제주특별자치도 제주시 아라1동6106-2,제주특별자치도 제주시 아라1동6106-3,28,1,미시행,평일+토요일+공휴일,24:00:00,24:00:00,24:00:00,24:00:00,24:00:00,24:00:00,무료,0,0,0,0,,,,,,차량관리과,,,,2017-07-31
405-2-000209,아라동 무료 주차장,공영,노외,제주특별자치도 제주시 아라1동6093-3,제주특별자치도 제주시 아라1동6093-4,35,1,미시행,평일+토요일+공휴일,24:00:00,24:00:00,24:00:00,24:00:00,24:00:00,24:00:00,무료,0,0,0,0,,,,,,차량관리과,,,,2017-07-31
405-2-000208,아라동 무료 주차장,공영,노외,제주특별자치도 제주시 아라1동6096,제주특별자치도 제주시 아라1동6096,31,1,미시행,평일+토요일+공휴일,24:00:00,24:00:00,24:00:00,24:00:00,24:00:00,24:00:00,무료,0,0,0,0,,,,,,차량관리과,,,,2017-07-31
405-2-000207,아라동 무료 주차장,공영,노외,제주특별자치도 제주시 아라1동6059,제주특별자치도 제주시 아라1동6059,19,1,미시행,평일+토요일+공휴일,24:00:00,24:00:00,24:00:00,24:00:00,24:00:00,24:00:00,무료,0,0,0,0,,,,,,차량관리과,,,,2017-07-31
405-2-000206,아라동 무료 주차장,공영,노외,제주특별자치도 제주시 아라1동6051-3,제주특별자치도 제주시 아라1동6051-4,20,1,미시행,평일+토요일+공휴일,24:00:00,24:00:00,24:00:00,24:00:00,24:00:00,24:00:00,무료,0,0,0,0,,,,,,차량관리과,,,,2017-07-31
405-2-000205,아라동 무료 주차장,공영,노외,제주특별자치도 제주시 아라1동6046-4,제주특별자치도 제주시 아라1동6046-5,33,1,미시행,평일+토요일+공휴일,24:00:00,24:00:00,24:00:00,24:00:00,24:00:00,24:00:00,무료,0,0,0,0,,,,,,차량관리과,,,,2017-07-31
405-2-000204,노형동 무료 주차장,공영,노외,제주특별자치도 제주시 노형동3812-2,제주특별자치도 제주시 노형동3812-3,49,1,미시행,평일+토요일+공휴일,24:00:00,24:00:00,24:00:00,24:00:00,24:00:00,24:00:00,무료,0,0,0,0,,,,,,차량관리과,,,,2017-07-31
405-2-000203,노형동 무료 주차장,공영,노외,제주특별자치도 제주시 노형동3800-5,제주특별자치도 제주시 노형동3800-6,65,1,미시행,평일+토요일+공휴일,24:00:00,24:00:00,24:00:00,24:00:00,24:00:00,24:00:00,무료,0,0,0,0,,,,,,차량관리과,,,,2017-07-31
405-2-000202,노형동 무료 주차장,공영,노외,제주특별자치도 제주시 노형동3803-5,제주특별자치도 제주시 노형동3803-6,53,1,미시행,평일+토요일+공휴일,24:00:00,24:00:00,24:00:00,24:00:00,24:00:00,24:00:00,무료,0,0,0,0,,,,,,차량관리과,,,,2017-07-31
405-2-000201,노형동 무료 주차장,공영,노외,제주특별자치도 제주시 노형동3793,제주특별자치도 제주시 노형동3793,57,1,미시행,평일+토요일+공휴일,24:00:00,24:00:00,24:00:00,24:00:00,24:00:00,24:00:00,무료,0,0,0,0,,,,,,차량관리과,,,,2017-07-31
405-2-000200,노형동 무료 주차장,공영,노외,제주특별자치도 제주시 노형동3782,제주특별자치도 제주시 노형동3782,64,1,미시행,평일+토요일+공휴일,24:00:00,24:00:00,24:00:00,24:00:00,24:00:00,24:00:00,무료,0,0,0,0,,,,,,차량관리과,,,,2017-07-31
405-2-000199,삼도일동 무료 주차장,공영,노외,제주특별자치도 제주시 삼도1동508-13,"제주특별자치도 제주시 삼도1동508-13,4",36,1,미시행,평일+토요일+공휴일,24:00:00,24:00:00,24:00:00,24:00:00,24:00:00,24:00:00,무료,0,0,0,0,,,,,,차량관리과,,,,2017-07-31
405-2-000198,용담이동 무료 주차장,공영,노외,제주특별자치도 제주시 용담2동2745-9,제주특별자치도 제주시 용담2동2745-10,32,1,미시행,평일+토요일+공휴일,24:00:00,24:00:00,24:00:00,24:00:00,24:00:00,24:00:00,무료,0,0,0,0,,,,,,차량관리과,,,,2017-07-31
405-2-000197,이도이동 무료 주차장,공영,노외,제주특별자치도 제주시 이도2동1063-11,제주특별자치도 제주시 이도2동1063-12,7,1,미시행,평일+토요일+공휴일,24:00:00,24:00:00,24:00:00,24:00:00,24:00:00,24:00:00,무료,0,0,0,0,,,,,,차량관리과,,,,2017-07-31
405-2-000196,일도이동 무료 주차장,공영,노외,제주특별자치도 제주시 일도2동1020-0,제주특별자치도 제주시 일도2동1020-1,7,1,미시행,평일+토요일+공휴일,24:00:00,24:00:00,24:00:00,24:00:00,24:00:00,24:00:00,무료,0,0,0,0,,,,,,차량관리과,,,,2017-07-31
405-2-000195,일도이동 무료 주차장,공영,노외,제주특별자치도 제주시 일도2동1029-98,제주특별자치도 제주시 일도2동1029-99,9,1,미시행,평일+토요일+공휴일,24:00:00,24:00:00,24:00:00,24:00:00,24:00:00,24:00:00,무료,0,0,0,0,,,,,,차량관리과,,,,2017-07-31
405-2-000194,화북동 무료 주차장,공영,노외,제주특별자치도 제주시 화북1동1936-6,제주특별자치도 제주시 화북1동1936-7,23,1,미시행,평일+토요일+공휴일,24:00:00,24:00:00,24:00:00,24:00:00,24:00:00,24:00:00,무료,0,0,0,0,,,,,,차량관리과,,,,2017-07-31
405-2-000193,용담이동 무료 주차장,공영,노외,제주특별자치도 제주시 용담2동1690,제주특별자치도 제주시 용담2동1691,33,1,미시행,평일+토요일+공휴일,24:00:00,24:00:00,24:00:00,24:00:00,24:00:00,24:00:00,무료,0,0,0,0,,,,,,차량관리과,,,,2017-07-31
405-2-000192,일도이동 무료 주차장,공영,노외,제주특별자치도 제주시 일도2동88-0,제주특별자치도 제주시 일도2동88-1,24,1,미시행,평일+토요일+공휴일,24:00:00,24:00:00,24:00:00,24:00:00,24:00:00,24:00:00,무료,0,0,0,0,,,,,,차량관리과,,,,2017-07-31
405-2-000191,이도이동 무료 주차장,공영,노외,제주특별자치도 제주시 이도2동374,제주특별자치도 제주시 이도2동375,25,1,미시행,평일+토요일+공휴일,24:00:00,24:00:00,24:00:00,24:00:00,24:00:00,24:00:00,무료,0,0,0,0,,,,,,차량관리과,,,,2017-07-31
405-2-000190,건입동 무료 주차장,공영,노외,제주특별자치도 제주시 건입동1277-1,제주특별자치도 제주시 건입동1277-2,9,1,미시행,평일+토요일+공휴일,24:00:00,24:00:00,24:00:00,24:00:00,24:00:00,24:00:00,무료,0,0,0,0,,,,,,차량관리과,,,,2017-07-31
405-2-000189,용담일동 무료 주차장,공영,노외,제주특별자치도 제주시 용담1동262-12,제주특별자치도 제주시 용담1동262-13,11,1,미시행,평일+토요일+공휴일,24:00:00,24:00:00,24:00:00,24:00:00,24:00:00,24:00:00,무료,0,0,0,0,,,,,,차량관리과,,,,2017-07-31
405-2-000066,용담일동 무료 주차장,공영,노외,제주특별자치도 제주시 용담1동292-9,제주특별자치도 제주시 용담1동292-10,5,1,미시행,평일+토요일+공휴일,24:00:00,24:00:00,24:00:00,24:00:00,24:00:00,24:00:00,무료,0,0,0,0,,,,,,차량관리과,,,,2017-07-31
405-2-000065,용담일동 무료 주차장,공영,노외,제주특별자치도 제주시 용담1동137-54,제주특별자치도 제주시 용담1동137-54외6,6,1,미시행,평일+토요일+공휴일,24:00:00,24:00:00,24:00:00,24:00:00,24:00:00,24:00:00,무료,0,0,0,0,,,,,,차량관리과,,,,2017-07-31
405-2-000064,이도이동 무료 주차장,공영,노외,제주특별자치도 제주시 도남동664-5,제주특별자치도 제주시 도남동664-6,28,1,미시행,평일+토요일+공휴일,24:00:00,24:00:00,24:00:00,24:00:00,24:00:00,24:00:00,무료,0,0,0,0,,,,,,차량관리과,,,,2017-07-31
405-2-000063,이도이동 무료 주차장,공영,노외,제주특별자치도 제주시 도남동748-7,제주특별자치도 제주시 도남동748-8,17,1,미시행,평일+토요일+공휴일,24:00:00,24:00:00,24:00:00,24:00:00,24:00:00,24:00:00,무료,0,0,0,0,,,,,,차량관리과,,,,2017-07-31
405-2-000062,이도이동 무료 주차장,공영,노외,제주특별자치도 제주시 도남동755-0,제주특별자치도 제주시 도남동755-1,34,1,미시행,평일+토요일+공휴일,24:00:00,24:00:00,24:00:00,24:00:00,24:00:00,24:00:00,무료,0,0,0,0,,,,,,차량관리과,,,,2017-07-31
405-2-000061,이도이동 무료 주차장,공영,노외,제주특별자치도 제주시 도남동769-8,제주특별자치도 제주시 도남동769-9,21,1,미시행,평일+토요일+공휴일,24:00:00,24:00:00,24:00:00,24:00:00,24:00:00,24:00:00,무료,0,0,0,0,,,,,,차량관리과,,,,2017-07-31
405-2-000060,이도이동 무료 주차장,공영,노외,제주특별자치도 제주시 도남동735-0,제주특별자치도 제주시 도남동735-1,24,1,미시행,평일+토요일+공휴일,24:00:00,24:00:00,24:00:00,24:00:00,24:00:00,24:00:00,무료,0,0,0,0,,,,,,차량관리과,,,,2017-07-31
405-2-000059,이도이동 무료 주차장,공영,노외,제주특별자치도 제주시 도남동705-13,제주특별자치도 제주시 도남동705-14,8,1,미시행,평일+토요일+공휴일,24:00:00,24:00:00,24:00:00,24:00:00,24:00:00,24:00:00,무료,0,0,0,0,,,,,,차량관리과,,,,2017-07-31
405-2-000058,이도이동 무료 주차장,공영,노외,제주특별자치도 제주시 도남동703-7,제주특별자치도 제주시 도남동703-8,8,1,미시행,평일+토요일+공휴일,24:00:00,24:00:00,24:00:00,24:00:00,24:00:00,24:00:00,무료,0,0,0,0,,,,,,차량관리과,,,,2017-07-31
405-2-000057,이도이동 무료 주차장,공영,노외,제주특별자치도 제주시 도남동742-0,제주특별자치도 제주시 도남동742-1,32,1,미시행,평일+토요일+공휴일,24:00:00,24:00:00,24:00:00,24:00:00,24:00:00,24:00:00,무료,0,0,0,0,,,,,,차량관리과,,,,2017-07-31
405-2-000056,이도이동 무료 주차장,공영,노외,제주특별자치도 제주시 도남동689-6,제주특별자치도 제주시 도남동689-7,20,1,미시행,평일+토요일+공휴일,24:00:00,24:00:00,24:00:00,24:00:00,24:00:00,24:00:00,무료,0,0,0,0,,,,,,차량관리과,,,,2017-07-31
405-2-000055,이도이동 무료 주차장,공영,노외,제주특별자치도 제주시 도남동574-2,제주특별자치도 제주시 도남동574-3,32,1,미시행,평일+토요일+공휴일,24:00:00,24:00:00,24:00:00,24:00:00,24:00:00,24:00:00,무료,0,0,0,0,,,,,,차량관리과,,,,2017-07-31
405-2-000054,이도이동 무료 주차장,공영,노외,제주특별자치도 제주시 이도2동1909-74,제주특별자치도 제주시 이도2동1909-75,6,1,미시행,평일+토요일+공휴일,24:00:00,24:00:00,24:00:00,24:00:00,24:00:00,24:00:00,무료,0,0,0,0,,,,,,차량관리과,,,,2017-07-31
405-2-000053,이도이동 무료 주차장,공영,노외,제주특별자치도 제주시 이도2동1063-13,제주특별자치도 제주시 이도2동1063-14,8,1,미시행,평일+토요일+공휴일,24:00:00,24:00:00,24:00:00,24:00:00,24:00:00,24:00:00,무료,0,0,0,0,,,,,,차량관리과,,,,2017-07-31
405-2-000052,이도이동 무료 주차장,공영,노외,제주특별자치도 제주시 이도2동424,제주특별자치도 제주시 이도2동425,25,1,미시행,평일+토요일+공휴일,24:00:00,24:00:00,24:00:00,24:00:00,24:00:00,24:00:00,무료,0,0,0,0,,,,,,차량관리과,,,,2017-07-31
405-2-000051,이도이동 무료 주차장,공영,노외,제주특별자치도 제주시 이도2동1028-0,제주특별자치도 제주시 이도2동1028-1,19,1,미시행,평일+토요일+공휴일,24:00:00,24:00:00,24:00:00,24:00:00,24:00:00,24:00:00,무료,0,0,0,0,,,,,,차량관리과,,,,2017-07-31
405-2-000050,이도이동 무료 주차장,공영,노외,제주특별자치도 제주시 도남동57-2,제주특별자치도 제주시 도남동57-3,27,1,미시행,평일+토요일+공휴일,24:00:00,24:00:00,24:00:00,24:00:00,24:00:00,24:00:00,무료,0,0,0,0,,,,,,차량관리과,,,,2017-07-31
405-2-000049,이도이동 무료 주차장,공영,노외,제주특별자치도 제주시 도남동65-2,제주특별자치도 제주시 도남동65-3,51,1,미시행,평일+토요일+공휴일,24:00:00,24:00:00,24:00:00,24:00:00,24:00:00,24:00:00,무료,0,0,0,0,,,,,,차량관리과,,,,2017-07-31
405-2-000048,이도이동 무료 주차장,공영,노외,제주특별자치도 제주시 이도2동1035-3,제주특별자치도 제주시 이도2동1035-4,50,1,미시행,평일+토요일+공휴일,24:00:00,24:00:00,24:00:00,24:00:00,24:00:00,24:00:00,무료,0,0,0,0,,,,,,차량관리과,,,,2017-07-31
405-2-000047,이도일동 무료 주차장,공영,노외,제주특별자치도 제주시 이도1동1502-1,제주특별자치도 제주시 이도1동1502-2,16,1,미시행,평일+토요일+공휴일,24:00:00,24:00:00,24:00:00,24:00:00,24:00:00,24:00:00,무료,0,0,0,0,,,,,,차량관리과,,,,2017-07-31
405-2-000046,이도일동 무료 주차장,공영,노외,제주특별자치도 제주시 이도1동1348-0,제주특별자치도 제주시 이도1동1348-1,7,1,미시행,평일+토요일+공휴일,24:00:00,24:00:00,24:00:00,24:00:00,24:00:00,24:00:00,무료,0,0,0,0,,,,,,차량관리과,,,,2017-07-31
405-2-000045,이도일동 무료 주차장,공영,노외,제주특별자치도 제주시 이도1동1261-1,"제주특별자치도 제주시 이도1동1261-1,1255-2",21,1,미시행,평일+토요일+공휴일,24:00:00,24:00:00,24:00:00,24:00:00,24:00:00,24:00:00,무료,0,0,0,0,,,,,,차량관리과,,,,2017-07-31
405-2-000044,이도일동 무료 주차장,공영,노외,제주특별자치도 제주시 이도1동1554-0,제주특별자치도 제주시 이도1동1554-1,5,1,미시행,평일+토요일+공휴일,24:00:00,24:00:00,24:00:00,24:00:00,24:00:00,24:00:00,무료,0,0,0,0,,,,,,차량관리과,,,,2017-07-31
405-2-000043,이도일동 무료 주차장,공영,노외,제주특별자치도 제주시 이도1동1285-1,제주특별자치도 제주시 이도1동1285-1외4,71,1,미시행,평일+토요일+공휴일,24:00:00,24:00:00,24:00:00,24:00:00,24:00:00,24:00:00,무료,0,0,0,0,,,,,,차량관리과,,,,2017-07-31
405-2-000188,이도일동 무료 주차장,공영,노외,제주특별자치도 제주시 이도1동1696-8,제주특별자치도 제주시 이도1동1696-9,23,1,미시행,평일+토요일+공휴일,24:00:00,24:00:00,24:00:00,24:00:00,24:00:00,24:00:00,무료,0,0,0,0,,,,,,차량관리과,,,,2017-07-31
405-2-000187,이도이동 무료 주차장,공영,노외,제주특별자치도 제주시 이도2동8,제주특별자치도 제주시 이도2동9,79,1,미시행,평일+토요일+공휴일,24:00:00,24:00:00,24:00:00,24:00:00,24:00:00,24:00:00,무료,0,0,0,0,,,,,,차량관리과,,,,2017-07-31
405-2-000186,일도이동 무료 주차장,공영,노외,제주특별자치도 제주시 일도2동1006-34,제주특별자치도 제주시 일도2동1006-35,12,1,미시행,평일+토요일+공휴일,24:00:00,24:00:00,24:00:00,24:00:00,24:00:00,24:00:00,무료,0,0,0,0,,,,,,차량관리과,,,,2017-07-31
405-2-000185,이도이동 무료 주차장,공영,노외,제주특별자치도 제주시 도남동910-0,제주특별자치도 제주시 도남동910-1,18,1,미시행,평일+토요일+공휴일,24:00:00,24:00:00,24:00:00,24:00:00,24:00:00,24:00:00,무료,0,0,0,0,,,,,,차량관리과,,,,2017-07-31
405-2-000184,이도일동 무료 주차장,공영,노외,제주특별자치도 제주시 이도1동1704-5,제주특별자치도 제주시 이도1동1704-6,35,1,미시행,평일+토요일+공휴일,24:00:00,24:00:00,24:00:00,24:00:00,24:00:00,24:00:00,무료,0,0,0,0,,,,,,차량관리과,,,,2017-07-31
405-2-000183,용담이동 무료 주차장,공영,노외,제주특별자치도 제주시 용담2동358-11,제주특별자치도 제주시 용담2동358-12,15,1,미시행,평일+토요일+공휴일,24:00:00,24:00:00,24:00:00,24:00:00,24:00:00,24:00:00,무료,0,0,0,0,,,,,,차량관리과,,,,2017-07-31
405-2-000182,일도이동 무료 주차장,공영,노외,제주특별자치도 제주시 일도2동111,제주특별자치도 제주시 일도2동112,47,1,미시행,평일+토요일+공휴일,24:00:00,24:00:00,24:00:00,24:00:00,24:00:00,24:00:00,무료,0,0,0,0,,,,,,차량관리과,,,,2017-07-31
405-2-000181,삼도이동 무료 주차장,공영,노외,제주특별자치도 제주시 삼도2동1167-6,"제주특별자치도 제주시 삼도2동1167-6,7",15,1,미시행,평일+토요일+공휴일,24:00:00,24:00:00,24:00:00,24:00:00,24:00:00,24:00:00,무료,0,0,0,0,,,,,,차량관리과,,,,2017-07-31
405-2-000180,이도이동 무료 주차장,공영,노외,제주특별자치도 제주시 도남동916-9,제주특별자치도 제주시 도남동916-10,8,1,미시행,평일+토요일+공휴일,24:00:00,24:00:00,24:00:00,24:00:00,24:00:00,24:00:00,무료,0,0,0,0,,,,,,차량관리과,,,,2017-07-31
405-2-000179,일도이동 무료 주차장,공영,노외,제주특별자치도 제주시 일도2동1036-5,제주특별자치도 제주시 일도2동1036-6,23,1,미시행,평일+토요일+공휴일,24:00:00,24:00:00,24:00:00,24:00:00,24:00:00,24:00:00,무료,0,0,0,0,,,,,,차량관리과,,,,2017-07-31
405-2-000178,일도이동 무료 주차장,공영,노외,제주특별자치도 제주시 일도2동106,제주특별자치도 제주시 일도2동107,9,1,미시행,평일+토요일+공휴일,24:00:00,24:00:00,24:00:00,24:00:00,24:00:00,24:00:00,무료,0,0,0,0,,,,,,차량관리과,,,,2017-07-31
405-2-000177,오라동 무료 주차장,공영,노외,제주특별자치도 제주시 오라2동1375-1,"제주특별자치도 제주시 오라2동1375-1,1376",21,1,미시행,평일+토요일+공휴일,24:00:00,24:00:00,24:00:00,24:00:00,24:00:00,24:00:00,무료,0,0,0,0,,,,,,차량관리과,,,,2017-07-31
405-2-000176,일도이동 무료 주차장,공영,노외,제주특별자치도 제주시 일도2동510,"제주특별자치도 제주시 일도2동510,511",73,1,미시행,평일+토요일+공휴일,24:00:00,24:00:00,24:00:00,24:00:00,24:00:00,24:00:00,무료,0,0,0,0,,,,,,차량관리과,,,,2017-07-31
405-2-000175,화북동 무료 주차장,공영,노외,제주특별자치도 제주시 화북2동3378-4,"제주특별자치도 제주시 화북2동3378-4,6",35,1,미시행,평일+토요일+공휴일,24:00:00,24:00:00,24:00:00,24:00:00,24:00:00,24:00:00,무료,0,0,0,0,,,,,,차량관리과,,,,2017-07-31
405-2-000174,일도이동 무료 주차장,공영,노외,제주특별자치도 제주시 일도2동984-2,제주특별자치도 제주시 일도2동984-3,16,1,미시행,평일+토요일+공휴일,24:00:00,24:00:00,24:00:00,24:00:00,24:00:00,24:00:00,무료,0,0,0,0,,,,,,차량관리과,,,,2017-07-31
405-2-000173,노형동 무료 주차장,공영,노외,제주특별자치도 제주시 노형동 740-2,"제주특별자치도 제주시 노형동 740-2,3",46,1,미시행,평일+토요일+공휴일,24:00:00,24:00:00,24:00:00,24:00:00,24:00:00,24:00:00,무료,0,0,0,0,,,,,,차량관리과,,,,2017-07-31
405-2-000172,화북동 무료 주차장,공영,노외,제주특별자치도 제주시 화북1동4266-11,제주특별자치도 제주시 화북1동4266-12,7,1,미시행,평일+토요일+공휴일,24:00:00,24:00:00,24:00:00,24:00:00,24:00:00,24:00:00,무료,0,0,0,0,,,,,,차량관리과,,,,2017-07-31
405-2-000171,건입동 무료 주차장,공영,노외,제주특별자치도 제주시 건입동1077-46,제주특별자치도 제주시 건입동1077-47,4,1,미시행,평일+토요일+공휴일,24:00:00,24:00:00,24:00:00,24:00:00,24:00:00,24:00:00,무료,0,0,0,0,,,,,,차량관리과,,,,2017-07-31
405-2-000170,삼양동 무료 주차장,공영,노외,제주특별자치도 제주시 삼양2동2124-5,제주특별자치도 제주시 삼양2동2124-6,26,1,미시행,평일+토요일+공휴일,24:00:00,24:00:00,24:00:00,24:00:00,24:00:00,24:00:00,무료,0,0,0,0,,,,,,차량관리과,,,,2017-07-31
405-2-000169,일도이동 무료 주차장,공영,노외,제주특별자치도 제주시 일도2동1029-95,제주특별자치도 제주시 일도2동1029-96,7,1,미시행,평일+토요일+공휴일,24:00:00,24:00:00,24:00:00,24:00:00,24:00:00,24:00:00,무료,0,0,0,0,,,,,,차량관리과,,,,2017-07-31
405-2-000168,화북동 무료 주차장,공영,노외,제주특별자치도 제주시 화북1동1933-7,제주특별자치도 제주시 화북1동1933-8,32,1,미시행,평일+토요일+공휴일,24:00:00,24:00:00,24:00:00,24:00:00,24:00:00,24:00:00,무료,0,0,0,0,,,,,,차량관리과,,,,2017-07-31
405-2-000167,삼도일동 무료 주차장,공영,노외,제주특별자치도 제주시 삼도1동500-13,제주특별자치도 제주시 삼도1동500-14,30,1,미시행,평일+토요일+공휴일,24:00:00,24:00:00,24:00:00,24:00:00,24:00:00,24:00:00,무료,0,0,0,0,,,,,,차량관리과,,,,2017-07-31
405-2-000166,용담이동 무료 주차장,공영,노외,제주특별자치도 제주시 용담2동2690-18,제주특별자치도 제주시 용담2동2690-19,55,1,미시행,평일+토요일+공휴일,24:00:00,24:00:00,24:00:00,24:00:00,24:00:00,24:00:00,무료,0,0,0,0,,,,,,차량관리과,,,,2017-07-31
405-2-000165,이도이동 무료 주차장,공영,노외,제주특별자치도 제주시 이도2동1954-3,제주특별자치도 제주시 이도2동1954-4,23,1,미시행,평일+토요일+공휴일,24:00:00,24:00:00,24:00:00,24:00:00,24:00:00,24:00:00,무료,0,0,0,0,,,,,,차량관리과,,,,2017-07-31
405-2-000042,삼도이동 무료 주차장,공영,노외,제주특별자치도 제주시 삼도2동1158-32,제주특별자치도 제주시 삼도2동1158-33,3,1,미시행,평일+토요일+공휴일,24:00:00,24:00:00,24:00:00,24:00:00,24:00:00,24:00:00,무료,0,0,0,0,,,,,,차량관리과,,,,2017-07-31
405-2-000041,삼도이동 무료 주차장,공영,노외,제주특별자치도 제주시 삼도2동1158-99,"제주특별자치도 제주시 삼도2동1158-99,101",2,1,미시행,평일+토요일+공휴일,24:00:00,24:00:00,24:00:00,24:00:00,24:00:00,24:00:00,무료,0,0,0,0,,,,,,차량관리과,,,,2017-07-31
405-2-000040,삼도이동 무료 주차장,공영,노외,제주특별자치도 제주시 삼도2동807-3,"제주특별자치도 제주시 삼도2동807-3,16",4,1,미시행,평일+토요일+공휴일,24:00:00,24:00:00,24:00:00,24:00:00,24:00:00,24:00:00,무료,0,0,0,0,,,,,,차량관리과,,,,2017-07-31
405-2-000039,삼도이동 무료 주차장,공영,노외,제주특별자치도 제주시 삼도2동807-0,제주특별자치도 제주시 삼도2동807-1,4,1,미시행,평일+토요일+공휴일,24:00:00,24:00:00,24:00:00,24:00:00,24:00:00,24:00:00,무료,0,0,0,0,,,,,,차량관리과,,,,2017-07-31
405-2-000038,용담이동 무료 주차장,공영,노외,제주특별자치도 제주시 용담3동1070,제주특별자치도 제주시 용담3동1071,130,1,미시행,평일+토요일+공휴일,24:00:00,24:00:00,24:00:00,24:00:00,24:00:00,24:00:00,무료,0,0,0,0,,,,,,차량관리과,,,,2017-07-31
405-2-000037,용담이동 무료 주차장,공영,노외,제주특별자치도 제주시 용담2동2686-6,제주특별자치도 제주시 용담2동2686-7,3,1,미시행,평일+토요일+공휴일,24:00:00,24:00:00,24:00:00,24:00:00,24:00:00,24:00:00,무료,0,0,0,0,,,,,,차량관리과,,,,2017-07-31
405-2-000036,용담이동 무료 주차장,공영,노외,제주특별자치도 제주시 용담3동2396-0,제주특별자치도 제주시 용담3동2396-1,10,1,미시행,평일+토요일+공휴일,24:00:00,24:00:00,24:00:00,24:00:00,24:00:00,24:00:00,무료,0,0,0,0,,,,,,차량관리과,,,,2017-07-31
405-2-000035,용담이동 무료 주차장,공영,노외,제주특별자치도 제주시 용담3동519-11,제주특별자치도 제주시 용담3동519-12,12,1,미시행,평일+토요일+공휴일,24:00:00,24:00:00,24:00:00,24:00:00,24:00:00,24:00:00,무료,0,0,0,0,,,,,,차량관리과,,,,2017-07-31
405-2-000034,용담이동 무료 주차장,공영,노외,제주특별자치도 제주시 용담2동928-89,제주특별자치도 제주시 용담2동928-89,4,1,미시행,평일+토요일+공휴일,24:00:00,24:00:00,24:00:00,24:00:00,24:00:00,24:00:00,무료,0,0,0,0,,,,,,차량관리과,,,,2017-07-31
405-2-000033,용담이동 무료 주차장,공영,노외,제주특별자치도 제주시 용담2동928-31,제주특별자치도 제주시 용담2동928-31,4,1,미시행,평일+토요일+공휴일,24:00:00,24:00:00,24:00:00,24:00:00,24:00:00,24:00:00,무료,0,0,0,0,,,,,,차량관리과,,,,2017-07-31
405-2-000032,삼양동 무료 주차장,공영,노외,제주특별자치도 제주시 삼양1동1569-40,제주특별자치도 제주시 삼양1동1569-41,120,1,미시행,평일+토요일+공휴일,24:00:00,24:00:00,24:00:00,24:00:00,24:00:00,24:00:00,무료,0,0,0,0,,,,,,차량관리과,,,,2017-07-31
405-2-000031,삼양동 무료 주차장,공영,노외,제주특별자치도 제주시 삼양1동1592-1,제주특별자치도 제주시 삼양1동1592-2,40,1,미시행,평일+토요일+공휴일,24:00:00,24:00:00,24:00:00,24:00:00,24:00:00,24:00:00,무료,0,0,0,0,,,,,,차량관리과,,,,2017-07-31
405-2-000030,삼양동 무료 주차장,공영,노외,제주특별자치도 제주시 삼양2동2135-9,제주특별자치도 제주시 삼양2동2135-10,25,1,미시행,평일+토요일+공휴일,24:00:00,24:00:00,24:00:00,24:00:00,24:00:00,24:00:00,무료,0,0,0,0,,,,,,차량관리과,,,,2017-07-31
405-2-000029,삼양동 무료 주차장,공영,노외,제주특별자치도 제주시 삼양2동2176-12,제주특별자치도 제주시 삼양2동2176-13,79,1,미시행,평일+토요일+공휴일,24:00:00,24:00:00,24:00:00,24:00:00,24:00:00,24:00:00,무료,0,0,0,0,,,,,,차량관리과,,,,2017-07-31
405-2-000028,삼양동 무료 주차장,공영,노외,제주특별자치도 제주시 삼양2동2133-4,제주특별자치도 제주시 삼양2동2133-5,75,1,미시행,평일+토요일+공휴일,24:00:00,24:00:00,24:00:00,24:00:00,24:00:00,24:00:00,무료,0,0,0,0,,,,,,차량관리과,,,,2017-07-31
405-2-000027,삼양동 무료 주차장,공영,노외,제주특별자치도 제주시 삼양1동1657-7,제주특별자치도 제주시 삼양1동1657-8,104,1,미시행,평일+토요일+공휴일,24:00:00,24:00:00,24:00:00,24:00:00,24:00:00,24:00:00,무료,0,0,0,0,,,,,,차량관리과,,,,2017-07-31
405-2-000026,삼양동 무료 주차장,공영,노외,제주특별자치도 제주시 삼양1동1628-6,제주특별자치도 제주시 삼양1동1628-7,52,1,미시행,평일+토요일+공휴일,24:00:00,24:00:00,24:00:00,24:00:00,24:00:00,24:00:00,무료,0,0,0,0,,,,,,차량관리과,,,,2017-07-31
405-2-000025,삼양동 무료 주차장,공영,노외,제주특별자치도 제주시 삼양1동1598-1,제주특별자치도 제주시 삼양1동1598-2,40,1,미시행,평일+토요일+공휴일,24:00:00,24:00:00,24:00:00,24:00:00,24:00:00,24:00:00,무료,0,0,0,0,,,,,,차량관리과,,,,2017-07-31
405-2-000024,삼양동 무료 주차장,공영,노외,제주특별자치도 제주시 삼양1동1579-0,제주특별자치도 제주시 삼양1동1579-1,57,1,미시행,평일+토요일+공휴일,24:00:00,24:00:00,24:00:00,24:00:00,24:00:00,24:00:00,무료,0,0,0,0,,,,,,차량관리과,,,,2017-07-31
405-2-000023,도두동 무료 주차장,공영,노외,제주특별자치도 제주시 도두1동1211,제주특별자치도 제주시 도두1동1212 외,625,1,미시행,평일+토요일+공휴일,24:00:00,24:00:00,24:00:00,24:00:00,24:00:00,24:00:00,무료,0,0,0,0,,,,,,차량관리과,,,,2017-07-31
405-2-000022,도두동 무료 주차장,공영,노외,제주특별자치도 제주시 도두1동2618-0,제주특별자치도 제주시 도두1동2618-1,29,1,미시행,평일+토요일+공휴일,24:00:00,24:00:00,24:00:00,24:00:00,24:00:00,24:00:00,무료,0,0,0,0,,,,,,차량관리과,,,,2017-07-31
405-2-000021,도두동 무료 주차장,공영,노외,제주특별자치도 제주시 도두1동2629,제주특별자치도 제주시 도두1동2630,34,1,미시행,평일+토요일+공휴일,24:00:00,24:00:00,24:00:00,24:00:00,24:00:00,24:00:00,무료,0,0,0,0,,,,,,차량관리과,,,,2017-07-31
405-2-000020,탑동제1주차장,공영,노외,제주특별자치도 제주시 삼도2동1263,제주특별자치도 제주시 삼도2동1263,66,1,미시행,평일,10:00,19:00,24:00:00,24:00:00,24:00:00,24:00:00,유료,30,500,15,300,,,,,,차량관리과,,,,2017-07-31
405-2-000019,관덕정서측,공영,노외,제주특별자치도 제주시 삼도2동1024,제주특별자치도 제주시 삼도2동1024,36,1,미시행,평일+토요일,10:00,19:00,24:00:00,24:00:00,24:00:00,24:00:00,유료,30,500,15,300,,,,,,차량관리과,,,,2017-07-31
405-2-000306,조천읍 무료 주차장,공영,노외,제주특별자치도 제주시 조천읍함덕리 1024-2,"제주특별자치도 제주시 조천읍함덕리 1024-2,3",20,2,미시행,평일+토요일+공휴일,24:00:00,24:00:00,24:00:00,24:00:00,24:00:00,24:00:00,무료,0,0,0,0,,,,,,차량관리과,,,,2017-07-31
405-2-000164,이도이동 무료 주차장,공영,노외,제주특별자치도 제주시 이도2동1960-2,제주특별자치도 제주시 이도2동1960-3,22,1,미시행,평일+토요일+공휴일,24:00:00,24:00:00,24:00:00,24:00:00,24:00:00,24:00:00,무료,0,0,0,0,,,,,,차량관리과,,,,2017-07-31
405-2-000018,동문주차빌딩,공영,노외,제주특별자치도 제주시 일도1동1106,제주특별자치도 제주시 일도1동1106,219,1,미시행,평일,8:00,20:00,24:00:00,24:00:00,24:00:00,24:00:00,유료,30,500,15,300,,,,,,차량관리과,,,,2017-07-31
405-2-000307,구좌읍 무료 주차장,공영,노외,제주특별자치도 제주시 구좌읍세화리 1507-0,제주특별자치도 제주시 구좌읍세화리 1507-1,47,2,미시행,평일+토요일+공휴일,24:00:00,24:00:00,24:00:00,24:00:00,24:00:00,24:00:00,무료,0,0,0,0,,,,,,차량관리과,,,,2017-07-31
405-2-000308,구좌읍 무료 주차장,공영,노외,제주특별자치도 제주시 구좌읍1491-1,제주특별자치도 제주시 구좌읍1491-2,43,2,미시행,평일+토요일+공휴일,24:00:00,24:00:00,24:00:00,24:00:00,24:00:00,24:00:00,무료,0,0,0,0,,,,,,차량관리과,,,,2017-07-31
405-2-000305,조천읍 무료 주차장,공영,노외,제주특별자치도 제주시 조천읍함덕리 272-23,제주특별자치도 제주시 조천읍함덕리 272-24,25,2,미시행,평일+토요일+공휴일,24:00:00,24:00:00,24:00:00,24:00:00,24:00:00,24:00:00,무료,0,0,0,0,,,,,,차량관리과,,,,2017-07-31
405-2-000304,구좌읍 무료 주차장,공영,노외,제주특별자치도 제주시 구좌읍한동리 2972-0,제주특별자치도 제주시 구좌읍한동리 2972-1,214,2,미시행,평일+토요일+공휴일,24:00:00,24:00:00,24:00:00,24:00:00,24:00:00,24:00:00,무료,0,0,0,0,,,,,,차량관리과,,,,2017-07-31
405-2-000303,구좌읍 무료 주차장,공영,노외,제주특별자치도 제주시 구좌읍세화리 1491-1,제주특별자치도 제주시 구좌읍세화리 1491-2,63,2,미시행,평일+토요일+공휴일,24:00:00,24:00:00,24:00:00,24:00:00,24:00:00,24:00:00,무료,0,0,0,0,,,,,,차량관리과,,,,2017-07-31
405-2-000302,구좌읍 무료 주차장,공영,노외,제주특별자치도 제주시 구좌읍세화리 1507-0,제주특별자치도 제주시 구좌읍세화리 1507-1,89,2,미시행,평일+토요일+공휴일,24:00:00,24:00:00,24:00:00,24:00:00,24:00:00,24:00:00,무료,0,0,0,0,,,,,,차량관리과,,,,2017-07-31
405-2-000301,조천읍 무료 주차장,공영,노외,제주특별자치도 제주시 조천읍함덕리 1024-2,제주특별자치도 제주시 조천읍함덕리 1024-2외2,20,2,미시행,평일+토요일+공휴일,24:00:00,24:00:00,24:00:00,24:00:00,24:00:00,24:00:00,무료,0,0,0,0,,,,,,차량관리과,,,,2017-07-31
405-2-000300,조천읍 무료 주차장,공영,노외,제주특별자치도 제주시 조천읍함덕리 272-24,제주특별자치도 제주시 조천읍함덕리 272-24,25,2,미시행,평일+토요일+공휴일,24:00:00,24:00:00,24:00:00,24:00:00,24:00:00,24:00:00,무료,0,0,0,0,,,,,,차량관리과,,,,2017-07-31
405-2-000299,조천읍 무료 주차장,공영,노외,제주특별자치도 제주시 조천읍함덕리 272-57,제주특별자치도 제주시 조천읍함덕리 272-57,10,2,미시행,평일+토요일+공휴일,24:00:00,24:00:00,24:00:00,24:00:00,24:00:00,24:00:00,무료,0,0,0,0,,,,,,차량관리과,,,,2017-07-31
405-2-000298,조천읍 무료 주차장,공영,노외,제주특별자치도 제주시 조천읍조천리 2496,제주특별자치도 제주시 조천읍조천리 2496,16,2,미시행,평일+토요일+공휴일,24:00:00,24:00:00,24:00:00,24:00:00,24:00:00,24:00:00,무료,0,0,0,0,,,,,,차량관리과,,,,2017-07-31
405-2-000297,조천읍 무료 주차장,공영,노외,제주특별자치도 제주시 조천읍조천리 2489,제주특별자치도 제주시 조천읍조천리 2489,12,2,미시행,평일+토요일+공휴일,24:00:00,24:00:00,24:00:00,24:00:00,24:00:00,24:00:00,무료,0,0,0,0,,,,,,차량관리과,,,,2017-07-31
405-2-000296,한림읍 무료 주차장,공영,노외,제주특별자치도 제주시 한림읍한림리 1389-2,"제주특별자치도 제주시 한림읍한림리 1389-2,4,7, 1446-10",29,2,미시행,평일+토요일+공휴일,24:00:00,24:00:00,24:00:00,24:00:00,24:00:00,24:00:00,무료,0,0,0,0,,,,,,차량관리과,,,,2017-07-31
405-2-000295,한림읍 무료 주차장,공영,노외,제주특별자치도 제주시 한림읍한림리 1304-10,"제주특별자치도 제주시 한림읍한림리 1304-10,11,1287-7",31,2,미시행,평일+토요일+공휴일,24:00:00,24:00:00,24:00:00,24:00:00,24:00:00,24:00:00,무료,0,0,0,0,,,,,,차량관리과,,,,2017-07-31
405-2-000294,애월읍 무료 주차장,공영,노외,제주특별자치도 제주시 애월읍하귀1리 155-9,제주특별자치도 제주시 애월읍하귀1리 155-10,9,2,미시행,평일+토요일+공휴일,24:00:00,24:00:00,24:00:00,24:00:00,24:00:00,24:00:00,무료,0,0,0,0,,,,,,차량관리과,,,,2017-07-31
405-2-000293,애월읍 무료 주차장,공영,노외,제주특별자치도 제주시 애월읍하귀1리 156-4,제주특별자치도 제주시 애월읍하귀1리 156-5,9,2,미시행,평일+토요일+공휴일,24:00:00,24:00:00,24:00:00,24:00:00,24:00:00,24:00:00,무료,0,0,0,0,,,,,,차량관리과,,,,2017-07-31
405-2-000292,애월읍 무료 주차장,공영,노외,제주특별자치도 제주시 애월읍 하귀1리 158-1,제주특별자치도 제주시 애월읍 하귀1리 158-2,19,2,미시행,평일+토요일+공휴일,24:00:00,24:00:00,24:00:00,24:00:00,24:00:00,24:00:00,무료,0,0,0,0,,,,,,차량관리과,,,,2017-07-31
405-2-000291,애월읍 무료 주차장,공영,노외,제주특별자치도 제주시 애월읍하귀1리 200-2,제주특별자치도 제주시 애월읍하귀1리 200-3,17,2,미시행,평일+토요일+공휴일,24:00:00,24:00:00,24:00:00,24:00:00,24:00:00,24:00:00,무료,0,0,0,0,,,,,,차량관리과,,,,2017-07-31
405-2-000290,애월읍 무료 주차장,공영,노외,제주특별자치도 제주시 애월읍하귀1리 160-3,제주특별자치도 제주시 애월읍하귀1리 160-4,7,2,미시행,평일+토요일+공휴일,24:00:00,24:00:00,24:00:00,24:00:00,24:00:00,24:00:00,무료,0,0,0,0,,,,,,차량관리과,,,,2017-07-31
405-2-000289,애월읍 무료 주차장,공영,노외,제주특별자치도 제주시 애월읍하귀1리 162-0,제주특별자치도 제주시 애월읍하귀1리 162-1,10,2,미시행,평일+토요일+공휴일,24:00:00,24:00:00,24:00:00,24:00:00,24:00:00,24:00:00,무료,0,0,0,0,,,,,,차량관리과,,,,2017-07-31
405-2-000288,애월읍 무료 주차장,공영,노외,제주특별자치도 제주시 애월읍하귀1리 165-3,제주특별자치도 제주시 애월읍하귀1리 165-4,29,2,미시행,평일+토요일+공휴일,24:00:00,24:00:00,24:00:00,24:00:00,24:00:00,24:00:00,무료,0,0,0,0,,,,,,차량관리과,,,,2017-07-31
405-2-000287,애월읍 무료 주차장,공영,노외,제주특별자치도 제주시 애월읍하귀1리 238-3,제주특별자치도 제주시 애월읍하귀1리 238-4,19,2,미시행,평일+토요일+공휴일,24:00:00,24:00:00,24:00:00,24:00:00,24:00:00,24:00:00,무료,0,0,0,0,,,,,,차량관리과,,,,2017-07-31
405-2-000286,애월읍 무료 주차장,공영,노외,제주특별자치도 제주시 애월읍하귀1리 235-3,제주특별자치도 제주시 애월읍하귀1리 235-4,16,2,미시행,평일+토요일+공휴일,24:00:00,24:00:00,24:00:00,24:00:00,24:00:00,24:00:00,무료,0,0,0,0,,,,,,차량관리과,,,,2017-07-31
405-2-000285,애월읍 무료 주차장,공영,노외,제주특별자치도 제주시 애월읍하귀1리 197-6,제주특별자치도 제주시 애월읍하귀1리 197-7,12,2,미시행,평일+토요일+공휴일,24:00:00,24:00:00,24:00:00,24:00:00,24:00:00,24:00:00,무료,0,0,0,0,,,,,,차량관리과,,,,2017-07-31
405-2-000284,애월읍 무료 주차장,공영,노외,제주특별자치도 제주시 애월읍하귀1리 195-1,제주특별자치도 제주시 애월읍하귀1리 195-2,15,2,미시행,평일+토요일+공휴일,24:00:00,24:00:00,24:00:00,24:00:00,24:00:00,24:00:00,무료,0,0,0,0,,,,,,차량관리과,,,,2017-07-31
405-2-000283,애월읍 무료 주차장,공영,노외,제주특별자치도 제주시 애월읍하귀1리 176-2,제주특별자치도 제주시 애월읍하귀1리 176-3,17,2,미시행,평일+토요일+공휴일,24:00:00,24:00:00,24:00:00,24:00:00,24:00:00,24:00:00,무료,0,0,0,0,,,,,,차량관리과,,,,2017-07-31
405-2-000163,이도이동 무료 주차장,공영,노외,제주특별자치도 제주시 이도2동1945-5,제주특별자치도 제주시 이도2동1945-6,22,1,미시행,평일+토요일+공휴일,24:00:00,24:00:00,24:00:00,24:00:00,24:00:00,24:00:00,무료,0,0,0,0,,,,,,차량관리과,,,,2017-07-31
405-2-000162,아라동 무료 주차장,공영,노외,제주특별자치도 제주시 아라2동3008-0,제주특별자치도 제주시 아라2동3008-1,23,1,미시행,평일+토요일+공휴일,24:00:00,24:00:00,24:00:00,24:00:00,24:00:00,24:00:00,무료,0,0,0,0,,,,,,차량관리과,,,,2017-07-31
405-2-000161,이도이동 무료 주차장,공영,노외,제주특별자치도 제주시 이도2동1968-4,제주특별자치도 제주시 이도2동1968-5,29,1,미시행,평일+토요일+공휴일,24:00:00,24:00:00,24:00:00,24:00:00,24:00:00,24:00:00,무료,0,0,0,0,,,,,,차량관리과,,,,2017-07-31
405-2-000160,아라동 무료 주차장,공영,노외,제주특별자치도 제주시 아라2동3002-9,제주특별자치도 제주시 아라2동3002-9,24,1,미시행,평일+토요일+공휴일,24:00:00,24:00:00,24:00:00,24:00:00,24:00:00,24:00:00,무료,0,0,0,0,,,,,,차량관리과,,,,2017-07-31
405-2-000159,아라동 무료 주차장,공영,노외,제주특별자치도 제주시 아라2동3002-1,제주특별자치도 제주시 아라2동3002-1,24,1,미시행,평일+토요일+공휴일,24:00:00,24:00:00,24:00:00,24:00:00,24:00:00,24:00:00,무료,0,0,0,0,,,,,,차량관리과,,,,2017-07-31
405-2-000158,아라동 무료 주차장,공영,노외,제주특별자치도 제주시 아라2동3013-11,제주특별자치도 제주시 아라2동3013-11,17,1,미시행,평일+토요일+공휴일,24:00:00,24:00:00,24:00:00,24:00:00,24:00:00,24:00:00,무료,0,0,0,0,,,,,,차량관리과,,,,2017-07-31
405-2-000157,아라동 무료 주차장,공영,노외,제주특별자치도 제주시 아라2동3013-1,제주특별자치도 제주시 아라2동3013-1,15,1,미시행,평일+토요일+공휴일,24:00:00,24:00:00,24:00:00,24:00:00,24:00:00,24:00:00,무료,0,0,0,0,,,,,,차량관리과,,,,2017-07-31
405-2-000156,이도이동 무료 주차장,공영,노외,제주특별자치도 제주시 이도2동1982-3,제주특별자치도 제주시 이도2동1982-3,23,1,미시행,평일+토요일+공휴일,24:00:00,24:00:00,24:00:00,24:00:00,24:00:00,24:00:00,무료,0,0,0,0,,,,,,차량관리과,,,,2017-07-31
405-2-000155,이도이동 무료 주차장,공영,노외,제주특별자치도 제주시 이도2동1982-1,제주특별자치도 제주시 이도2동1982-1,17,1,미시행,평일+토요일+공휴일,24:00:00,24:00:00,24:00:00,24:00:00,24:00:00,24:00:00,무료,0,0,0,0,,,,,,차량관리과,,,,2017-07-31
405-2-000154,이도이동 무료 주차장,공영,노외,제주특별자치도 제주시 이도2동1982-15,제주특별자치도 제주시 이도2동1982-15,20,1,미시행,평일+토요일+공휴일,24:00:00,24:00:00,24:00:00,24:00:00,24:00:00,24:00:00,무료,0,0,0,0,,,,,,차량관리과,,,,2017-07-31
405-2-000153,이도이동 무료 주차장,공영,노외,제주특별자치도 제주시 이도2동1982-17,제주특별자치도 제주시 이도2동1982-17,20,1,미시행,평일+토요일+공휴일,24:00:00,24:00:00,24:00:00,24:00:00,24:00:00,24:00:00,무료,0,0,0,0,,,,,,차량관리과,,,,2017-07-31
405-2-000152,이도이동 무료 주차장,공영,노외,제주특별자치도 제주시 이도2동1977-6,제주특별자치도 제주시 이도2동1977-7,27,1,미시행,평일+토요일+공휴일,24:00:00,24:00:00,24:00:00,24:00:00,24:00:00,24:00:00,무료,0,0,0,0,,,,,,차량관리과,,,,2017-07-31
405-2-000151,이도이동 무료 주차장,공영,노외,제주특별자치도 제주시 이도2동1994-0,제주특별자치도 제주시 이도2동1994-1,26,1,미시행,평일+토요일+공휴일,24:00:00,24:00:00,24:00:00,24:00:00,24:00:00,24:00:00,무료,0,0,0,0,,,,,,차량관리과,,,,2017-07-31
405-2-000150,이도이동 무료 주차장,공영,노외,제주특별자치도 제주시 이도2동1992-6,제주특별자치도 제주시 이도2동1992-7,36,1,미시행,평일+토요일+공휴일,24:00:00,24:00:00,24:00:00,24:00:00,24:00:00,24:00:00,무료,0,0,0,0,,,,,,차량관리과,,,,2017-07-31
405-2-000149,이도이동 무료 주차장,공영,노외,제주특별자치도 제주시 이도2동2017-0,제주특별자치도 제주시 이도2동2017-1,39,1,미시행,평일+토요일+공휴일,24:00:00,24:00:00,24:00:00,24:00:00,24:00:00,24:00:00,무료,0,0,0,0,,,,,,차량관리과,,,,2017-07-31
405-2-000148,이도이동 무료 주차장,공영,노외,제주특별자치도 제주시 이도2동2021-11,제주특별자치도 제주시 이도2동2021-12,33,1,미시행,평일+토요일+공휴일,24:00:00,24:00:00,24:00:00,24:00:00,24:00:00,24:00:00,무료,0,0,0,0,,,,,,차량관리과,,,,2017-07-31
405-2-000147,이도이동 무료 주차장,공영,노외,제주특별자치도 제주시 이도2동2008-0,제주특별자치도 제주시 이도2동2008-1,38,1,미시행,평일+토요일+공휴일,24:00:00,24:00:00,24:00:00,24:00:00,24:00:00,24:00:00,무료,0,0,0,0,,,,,,차량관리과,,,,2017-07-31
405-2-000146,이도이동 무료 주차장,공영,노외,제주특별자치도 제주시 이도2동2003-6,제주특별자치도 제주시 이도2동2003-7,29,1,미시행,평일+토요일+공휴일,24:00:00,24:00:00,24:00:00,24:00:00,24:00:00,24:00:00,무료,0,0,0,0,,,,,,차량관리과,,,,2017-07-31
405-2-000145,이도이동 무료 주차장,공영,노외,제주특별자치도 제주시 이도2동1999-0,제주특별자치도 제주시 이도2동1999-1,39,1,미시행,평일+토요일+공휴일,24:00:00,24:00:00,24:00:00,24:00:00,24:00:00,24:00:00,무료,0,0,0,0,,,,,,차량관리과,,,,2017-07-31
405-2-000144,이도이동 무료 주차장,공영,노외,제주특별자치도 제주시 이도2동1998-8,제주특별자치도 제주시 이도2동1998-9,41,1,미시행,평일+토요일+공휴일,24:00:00,24:00:00,24:00:00,24:00:00,24:00:00,24:00:00,무료,0,0,0,0,,,,,,차량관리과,,,,2017-07-31
405-2-000143,이도이동 무료 주차장,공영,노외,제주특별자치도 제주시 이도2동2026-8,제주특별자치도 제주시 이도2동2026-9,27,1,미시행,평일+토요일+공휴일,24:00:00,24:00:00,24:00:00,24:00:00,24:00:00,24:00:00,무료,0,0,0,0,,,,,,차량관리과,,,,2017-07-31
405-2-000142,이도이동 무료 주차장,공영,노외,제주특별자치도 제주시 이도2동2030-3,제주특별자치도 제주시 이도2동2030-4,27,1,미시행,평일+토요일+공휴일,24:00:00,24:00:00,24:00:00,24:00:00,24:00:00,24:00:00,무료,0,0,0,0,,,,,,차량관리과,,,,2017-07-31
405-2-000141,이도이동 무료 주차장,공영,노외,제주특별자치도 제주시 이도2동2035-9,제주특별자치도 제주시 이도2동2035-10,30,1,미시행,평일+토요일+공휴일,24:00:00,24:00:00,24:00:00,24:00:00,24:00:00,24:00:00,무료,0,0,0,0,,,,,,차량관리과,,,,2017-07-31
405-2-000140,이도이동 무료 주차장,공영,노외,제주특별자치도 제주시 이도2동2040-1,제주특별자치도 제주시 이도2동2040-2,28,1,미시행,평일+토요일+공휴일,24:00:00,24:00:00,24:00:00,24:00:00,24:00:00,24:00:00,무료,0,0,0,0,,,,,,차량관리과,,,,2017-07-31
405-2-000017,동문버스주차,공영,노외,제주특별자치도 제주시 일도2동1104,제주특별자치도 제주시 일도2동1104외6,12,1,미시행,평일,9:00,18:30,24:00:00,24:00:00,24:00:00,24:00:00,유료,30,0,15,300,,,,,,차량관리과,,,,2017-07-31
405-2-000016,이도2동주민센터 앞,공영,노외,제주특별자치도 제주시 이도2동1052-2,제주특별자치도 제주시 이도2동1052-2,150,1,미시행,평일,9:00,19:00,24:00:00,24:00:00,24:00:00,24:00:00,유료,30,500,15,300,,,,,,차량관리과,,,,2017-07-31
405-2-000015,칠성상가제2,공영,노외,제주특별자치도 제주시 일도1동1401-13,제주특별자치도 제주시 일도1동1401-13,14,1,미시행,평일,12:00,18:00,24:00:00,24:00:00,24:00:00,24:00:00,유료,30,500,15,300,,,,,,차량관리과,,,,2017-07-31
405-2-000014,광양초 서측 주차장,공영,노외,제주특별자치도 제주시 이도1동1257-4,"제주특별자치도 제주시 이도1동1257-4,8,9,10",45,1,미시행,평일,8:30,18:00,24:00:00,24:00:00,24:00:00,24:00:00,유료,30,500,15,300,,,,,,차량관리과,,,,2017-07-31
405-2-000013,칠성상가제1,공영,노외,제주특별자치도 제주시 일도1동1476-1,"제주특별자치도 제주시 일도1동1476-1,20",16,1,미시행,평일,12:00,18:00,24:00:00,24:00:00,24:00:00,24:00:00,유료,30,500,15,300,,,,,,차량관리과,,,,2017-07-31
405-2-000012,성신로,공영,노외,제주특별자치도 제주시 연동2322-7,제주특별자치도 제주시 연동2322-7,55,1,미시행,평일,9:00,19:00,24:00:00,24:00:00,24:00:00,24:00:00,유료,30,500,15,300,,,,,,차량관리과,,,,2017-07-31
405-2-000011,동문재래시장,공영,노외,제주특별자치도 제주시 이도1동1330-5,제주특별자치도 제주시 이도1동1330-5,38,1,미시행,평일+토요일,9:00,18:30,9:00,18:30,24:00:00,24:00:00,유료,30,0,15,300,,,,,,차량관리과,,,,2017-07-31
405-2-000010,법원북측,공영,노외,제주특별자치도 제주시 이도2동1066,제주특별자치도 제주시 이도2동1066,91,1,미시행,평일,9:00,19:00,24:00:00,24:00:00,24:00:00,24:00:00,유료,30,500,15,300,,,,,,차량관리과,,,,2017-07-31
405-2-000009,제일주차빌딩,공영,노외,제주특별자치도 제주시 일도1동1476-33,제주특별자치도 제주시 일도1동1476-33,92,1,미시행,평일+토요일+공휴일,8:00,23:00,8:00,23:00,8:00,23:00,유료,30,500,15,300,,,,,,차량관리과,,,,2017-07-31
405-2-000008,인제공영,공영,노외,제주특별자치도 제주시 일도2동409-11,제주특별자치도 제주시 일도2동409-11,125,1,미시행,평일,12:00,22:00,24:00:00,24:00:00,24:00:00,24:00:00,유료,30,500,15,300,,,,,,차량관리과,,,,2017-07-31
405-2-000007,신제주공영주차장,공영,노외,제주특별자치도 제주시 연동272-31,제주특별자치도 제주시 연동272-31,242,1,미시행,평일+토요일+공휴일,13:00,23:00,13:00,23:00,13:00,23:00,유료,30,500,15,300,,,,,,차량관리과,,,,2017-07-31
405-2-000006,고산동산주차장,공영,노외,제주특별자치도 제주시 이도2동1012-10,제주특별자치도 제주시 이도2동1012-10,51,1,미시행,평일+토요일,9:00,19:00,9:00,19:00,24:00:00,24:00:00,유료,30,500,15,300,,,,,,차량관리과,,,,2017-07-31
405-2-000005,병문주차장,공영,노외,제주특별자치도 제주시 삼도2동1227-7,제주특별자치도 제주시 삼도2동1227-7,57,1,미시행,평일,9:00,18:30,24:00:00,24:00:00,24:00:00,24:00:00,유료,30,500,15,300,,,,,,차량관리과,,,,2017-07-31
405-2-000004,칠성골,공영,노외,제주특별자치도 제주시 삼도2동1192-8,제주특별자치도 제주시 삼도2동1192-8,80,1,미시행,평일+토요일+공휴일,11:00,21:00,11:00,21:00,11:00,21:00,유료,30,500,15,300,,,,,,차량관리과,,,,2017-07-31
405-2-000003,탑동제2주차장,공영,노외,제주특별자치도 제주시 삼도2동1257,제주특별자치도 제주시 삼도2동1257,107,1,미시행,공휴일,24:00:00,24:00:00,12:00,22:00,12:00,22:00,유료,30,500,15,300,,,,,,차량관리과,,,,2017-07-31
405-2-000002,공항입구주차장,공영,노외,제주특별자치도 제주시 용담2동1611,"제주특별자치도 제주시 용담2동1611,1624-1",379,1,미시행,평일+토요일+공휴일,24:00:00,24:00:00,24:00:00,24:00:00,24:00:00,24:00:00,유료,30,500,15,300,,,,,,차량관리과,,,,2017-07-31
405-2-000001,용두암 주차장,공영,노외,제주특별자치도 제주시 용담2동483,제주특별자치도 제주시 용담2동483,62,1,미시행,평일+토요일+공휴일,9:00,18:30,9:00,18:30,9:00,18:30,유료,30,500,15,300,,,,,,차량관리과,,,,2017-07-31
405-1-000005,시청 앞 공영주차장,공영,노상,제주특별자치도 제주시 이도2동 시청앞,,60,1,미시행,평일,9:00,18:00,24:00:00,24:00:00,24:00:00,24:00:00,유료,30,500,15,300,,,,,,차량관리과,,,,2017-07-31
405-1-000004,중앙로터리,공영,노상,제주특별자치도 제주시 이도1동 중앙로터리,,19,1,미시행,평일+토요일+공휴일,9:00,21:00,9:00,21:00,9:00,21:00,유료,30,500,15,300,,,,,,차량관리과,,,,2017-07-31
405-1-000003,동문재래시장(노상) 공영주차장,공영,노상,제주특별자치도 제주시 이도1동 1491-1,,91,1,미시행,평일+토요일,9:00,18:30,9:00,18:30,24:00:00,24:00:00,유료,30,0,15,300,,,,,,차량관리과,,,,2017-07-31
405-1-000002,신제주로터리,공영,노상,제주특별자치도 제주시 연동 신제주로터리,,57,1,미시행,평일,9:00,18:00,24:00:00,24:00:00,24:00:00,24:00:00,유료,30,500,15,300,,,,,,차량관리과,,,,2017-07-31
405-1-000001,탑동입구 공영주차장,공영,노상,제주특별자치도 제주시 건입동 임항로,,9,1,미시행,평일+토요일+공휴일,11:00,21:00,11:00,21:00,11:00,21:00,유료,30,500,15,300,,,,,,차량관리과,,,,2017-07-31
